customerid,orderid,product id,orderdate,totalamount,order status
1,1,41,2022-07-08,743.58,shipped
2,2,114,2021-07-11,1787.93,pending
3,3,218,2022-08-04,1296.03,delivered
4,4,176,2021-11-22,659.57,pending
5,5,263,2021-08-25,2917.38,delivered
6,6,52,2021-12-21,2277.37,shipped
7,7,119,2022-12-18,1825.48,cancelled
8,8,279,2022-06-20,2893.38,pending
9,9,285,2021-03-26,1799.23,pending
10,10,174,2022-03-16,1946.61,delivered
11,11,229,2021-02-08,1711.53,cancelled
12,12,246,2022-07-04,955.39,pending
13,13,147,2022-10-27,559.37,cancelled
14,14,231,2021-10-06,1521.37,pending
15,15,12,2021-01-05,2729.2,shipped
16,16,260,2022-08-24,1409.24,shipped
17,17,291,2022-06-05,2172.28,shipped
18,18,11,2022-07-13,1118.58,shipped
19,19,269,2022-11-04,2775.04,shipped
20,20,205,2021-12-12,2473.86,cancelled
21,21,280,2022-11-10,532.77,cancelled
22,22,210,2021-12-21,828.12,pending
23,23,197,2021-02-19,2572.39,delivered
24,24,32,2022-03-22,1197.42,delivered
25,25,245,2022-10-13,715.8,pending
26,26,247,2022-11-15,440.82,delivered
27,27,57,2022-01-16,1904.91,shipped
28,28,216,2021-07-30,844.04,pending
29,29,210,2021-10-29,2025.78,pending
30,30,111,2021-01-11,2283.68,pending
31,31,1,2022-06-15,2830.42,shipped
32,32,17,2021-12-07,1825.95,shipped
33,33,156,2022-09-06,2981.63,pending
34,34,14,2022-08-18,267.77,shipped
35,35,150,2022-03-10,1902.95,cancelled
36,36,143,2021-12-23,764.05,cancelled
37,37,211,2022-09-27,1521.66,pending
38,38,39,2021-03-23,1479.39,pending
39,39,79,2021-09-01,2632.8,delivered
40,40,166,2022-09-03,1602.33,delivered
41,41,46,2021-03-05,1545.12,pending
42,42,249,2022-10-21,1289.4,pending
43,43,297,2021-02-26,2271.01,delivered
44,44,227,2022-05-24,549.03,shipped
45,45,37,2021-06-15,886.98,shipped
46,46,128,2021-03-10,321.63,cancelled
47,47,26,2022-07-24,935.11,delivered
48,48,251,2022-07-28,2604.59,pending
49,49,212,2021-12-05,2622.7,delivered
50,50,264,2022-07-30,829.75,delivered
51,51,63,2021-09-01,1558.4,delivered
52,52,294,2021-03-02,678.87,cancelled
53,53,236,2021-02-04,2312.72,delivered
54,54,262,2022-05-27,554.73,pending
55,55,148,2021-08-30,437.45,delivered
56,56,279,2022-03-12,470.25,shipped
57,57,90,2021-07-05,499.29,delivered
58,58,82,2021-07-15,460.97,cancelled
59,59,76,2021-10-26,635.45,shipped
60,60,217,2022-03-15,1021.77,cancelled
61,61,16,2021-12-15,2112.33,cancelled
62,62,297,2022-01-23,517.35,pending
63,63,188,2021-06-22,2243.76,cancelled
64,64,117,2021-05-21,268.72,delivered
65,65,109,2022-10-16,2234.16,delivered
66,66,177,2021-06-11,2368.91,pending
67,67,206,2021-10-21,1334.27,shipped
68,68,271,2021-01-15,1749.68,cancelled
69,69,165,2021-03-28,1089.76,shipped
70,70,76,2022-10-29,1419.75,shipped
71,71,102,2022-02-07,1383.99,shipped
72,72,117,2022-09-25,2035.92,pending
73,73,50,2021-02-10,2284.83,delivered
74,74,226,2021-07-07,1034.1,delivered
75,75,108,2021-11-30,920.71,cancelled
76,76,190,2021-06-14,2330.67,pending
77,77,8,2022-08-06,1767.93,pending
78,78,123,2022-05-29,2925.93,shipped
79,79,41,2022-12-16,2137.64,delivered
80,80,9,2021-04-02,979.01,delivered
81,81,102,2022-01-21,1360.18,cancelled
82,82,224,2021-10-20,2687.01,cancelled
83,83,143,2021-10-28,2427.42,shipped
84,84,21,2022-02-12,2174.78,cancelled
85,85,80,2022-05-22,2216.73,pending
86,86,124,2021-06-14,558.66,pending
87,87,19,2021-11-06,2067.14,delivered
88,88,36,2022-11-13,1649.32,shipped
89,89,187,2021-11-21,2692.02,pending
90,90,62,2021-08-26,2561.53,shipped
91,91,29,2021-05-16,867.32,delivered
92,92,299,2021-09-21,660.08,cancelled
93,93,72,2022-05-13,1530.79,delivered
94,94,142,2022-12-24,984.33,shipped
95,95,108,2022-05-11,2400.43,cancelled
96,96,195,2022-01-18,2026.79,pending
97,97,269,2021-04-10,1548.96,shipped
98,98,138,2022-09-18,1950.83,pending
99,99,13,2022-05-25,1444.97,cancelled
100,100,76,2022-08-26,1462.96,delivered
101,101,172,2022-01-22,2428.92,shipped
102,102,150,2021-12-27,2828.55,delivered
103,103,145,2022-10-24,1519.62,pending
104,104,97,2021-12-01,579.42,delivered
105,105,10,2021-08-01,947.29,delivered
106,106,150,2021-07-22,213.61,cancelled
107,107,42,2022-03-02,1910.05,shipped
108,108,246,2021-09-05,1233.85,cancelled
109,109,178,2022-10-07,2988.77,shipped
110,110,208,2022-07-02,2738.37,delivered
111,111,126,2022-04-25,2085.5,pending
112,112,271,2021-01-22,2838.52,pending
113,113,111,2021-11-09,2065.46,cancelled
114,114,269,2021-07-09,1740.63,pending
115,115,26,2021-02-27,2190.94,pending
116,116,77,2022-05-28,2740.41,shipped
117,117,262,2022-04-15,788.06,delivered
118,118,252,2021-04-16,2350.93,delivered
119,119,223,2021-11-05,2093.36,delivered
120,120,48,2022-06-03,1745.46,delivered
121,121,190,2021-10-06,2479.21,shipped
122,122,277,2021-11-20,1909.28,pending
123,123,219,2022-03-11,1817.5,delivered
124,124,300,2022-05-14,2333.21,pending
125,125,71,2022-09-22,233.83,pending
126,126,44,2021-08-10,384.97,pending
127,127,163,2021-12-11,980.53,shipped
128,128,230,2021-12-22,2799.8,delivered
129,129,50,2022-11-13,413.23,pending
130,130,20,2021-10-12,849.25,shipped
131,131,134,2022-09-11,1731.89,pending
132,132,207,2021-02-13,1615.33,shipped
133,133,278,2021-06-14,2383.47,shipped
134,134,160,2021-06-24,2662.66,cancelled
135,135,22,2021-03-30,1418.84,delivered
136,136,68,2022-08-21,599.83,delivered
137,137,132,2022-04-08,702.62,delivered
138,138,168,2022-04-09,949.07,delivered
139,139,115,2022-02-22,482.56,cancelled
140,140,74,2022-11-03,582.36,cancelled
141,141,229,2021-04-17,2691.53,shipped
142,142,71,2022-11-18,299.6,shipped
143,143,103,2022-09-27,1435.15,shipped
144,144,181,2022-09-30,2475.23,shipped
145,145,183,2022-02-27,1340.11,cancelled
146,146,251,2021-01-25,1669.78,delivered
147,147,139,2022-12-09,719.8,delivered
148,148,195,2021-10-17,2410.78,shipped
149,149,131,2022-03-06,2039.78,delivered
150,150,295,2022-02-07,211.44,cancelled
151,151,14,2021-05-15,1072.34,delivered
152,152,290,2021-10-25,2697.16,shipped
153,153,72,2022-10-14,2163.97,cancelled
154,154,176,2021-05-19,274.29,delivered
155,155,290,2022-01-12,2386.3,shipped
156,156,92,2022-09-13,330.07,shipped
157,157,171,2021-07-02,1921.76,delivered
158,158,259,2021-09-03,2925.58,pending
159,159,261,2021-03-16,2024.02,shipped
160,160,216,2022-08-30,1393.53,cancelled
161,161,174,2022-05-14,615.83,cancelled
162,162,119,2022-07-01,1975.11,shipped
163,163,235,2021-11-12,2452.51,delivered
164,164,18,2021-04-01,2242.53,shipped
165,165,253,2021-10-03,2029.1,pending
166,166,165,2021-09-05,612.12,shipped
167,167,154,2022-12-19,2423.34,shipped
168,168,194,2021-01-20,896.65,pending
169,169,219,2022-02-22,1521.96,pending
170,170,41,2021-10-24,394.6,shipped
171,171,220,2021-12-20,1702.03,pending
172,172,16,2021-10-07,441.85,delivered
173,173,54,2022-12-26,691.92,pending
174,174,53,2021-07-01,2545.4,pending
175,175,171,2022-10-29,243.17,shipped
176,176,139,2022-10-22,2537.41,cancelled
177,177,97,2022-08-30,2348.42,delivered
178,178,88,2021-06-10,377.46,pending
179,179,293,2021-12-11,2351.12,shipped
180,180,160,2021-06-05,874.41,cancelled
181,181,184,2022-08-14,860.49,pending
182,182,131,2022-06-08,1299.81,pending
183,183,171,2022-03-25,1565.21,shipped
184,184,105,2021-09-05,2813.19,cancelled
185,185,54,2022-02-17,2052.66,cancelled
186,186,298,2021-03-06,562.06,delivered
187,187,252,2021-11-30,2489.98,shipped
188,188,121,2022-12-28,1896.24,shipped
189,189,50,2022-08-15,1393.33,pending
190,190,292,2021-07-05,1408.68,delivered
191,191,213,2021-05-23,2508.24,shipped
192,192,125,2022-09-26,2377.69,shipped
193,193,223,2021-03-16,2689.99,pending
194,194,267,2022-08-26,1668.83,shipped
195,195,172,2021-06-26,1541.73,shipped
196,196,220,2022-05-24,2427.14,delivered
197,197,244,2021-06-05,2804.02,pending
198,198,233,2022-10-10,891.94,pending
199,199,72,2021-03-13,2419.32,cancelled
200,200,170,2021-08-19,1557.04,shipped
201,201,107,2021-10-07,1566.88,cancelled
202,202,219,2022-03-16,850.95,delivered
203,203,243,2022-08-06,1941.49,pending
204,204,33,2022-11-12,246.75,shipped
205,205,192,2021-06-03,2914.88,cancelled
206,206,184,2021-02-11,1992.28,pending
207,207,243,2021-03-04,1483.85,delivered
208,208,8,2021-01-14,2083.82,cancelled
209,209,278,2022-09-16,2844,delivered
210,210,153,2021-05-12,2121.34,cancelled
211,211,143,2022-05-21,1567.75,cancelled
212,212,10,2021-12-08,736.87,shipped
213,213,245,2022-12-02,749.52,delivered
214,214,26,2021-10-29,806.9,delivered
215,215,166,2022-11-19,1624.89,pending
216,216,87,2022-11-01,2573.42,shipped
217,217,242,2021-06-23,538.2,delivered
218,218,221,2021-06-23,544.4,delivered
219,219,154,2022-11-15,2029.99,pending
220,220,32,2022-10-21,1289.98,delivered
221,221,91,2021-01-29,1526.14,cancelled
222,222,2,2022-08-31,235.53,cancelled
223,223,43,2022-11-01,824.45,cancelled
224,224,298,2021-12-16,1440.09,pending
225,225,220,2022-12-11,1738.42,shipped
226,226,137,2022-06-25,856,delivered
227,227,33,2022-02-11,2917.89,cancelled
228,228,155,2022-10-17,2856.32,delivered
229,229,144,2022-06-30,1728.9,delivered
230,230,86,2022-07-02,930.3,pending
231,231,42,2021-11-30,849,cancelled
232,232,242,2021-11-13,1097.89,shipped
233,233,246,2022-10-16,2393.85,cancelled
234,234,85,2022-08-23,1805.59,delivered
235,235,71,2022-12-23,1114.09,cancelled
236,236,86,2022-01-29,270.24,delivered
237,237,107,2022-09-10,2432.26,shipped
238,238,22,2021-08-15,1502.29,shipped
239,239,22,2021-11-18,2317.78,pending
240,240,74,2022-09-18,965.39,pending
241,241,34,2022-02-20,871.8,shipped
242,242,262,2022-07-06,1942.27,shipped
243,243,284,2022-06-08,1456.03,pending
244,244,264,2021-03-16,1123.11,shipped
245,245,31,2022-04-26,1684.71,cancelled
246,246,138,2021-11-02,1659.58,shipped
247,247,24,2022-10-13,863.54,shipped
248,248,117,2021-05-28,1325.52,pending
249,249,174,2022-11-16,1969.33,pending
250,250,84,2021-02-23,1175.76,cancelled
251,251,16,2022-10-07,2668.14,shipped
252,252,222,2021-09-16,1133.52,shipped
253,253,223,2021-05-22,952.85,pending
254,254,274,2021-05-24,1053.23,pending
255,255,267,2021-08-24,1078.35,cancelled
256,256,165,2022-08-22,1386.48,cancelled
257,257,8,2021-09-04,1595.37,cancelled
258,258,223,2022-12-30,1737.99,cancelled
259,259,234,2021-08-20,487.74,pending
260,260,73,2021-03-20,1810.28,cancelled
261,261,206,2022-12-28,1608.03,shipped
262,262,188,2022-09-09,1904.1,shipped
263,263,95,2022-01-11,1095.18,delivered
264,264,196,2021-01-26,2883.54,pending
265,265,91,2022-07-18,1855.66,delivered
266,266,256,2021-01-25,795.65,delivered
267,267,191,2022-02-13,2436.19,cancelled
268,268,189,2022-12-09,698.47,shipped
269,269,7,2021-07-10,2322.54,shipped
270,270,134,2022-04-17,1030.98,shipped
271,271,27,2022-01-28,1013.65,pending
272,272,190,2022-08-22,234.72,shipped
273,273,294,2021-12-20,1785.39,pending
274,274,261,2022-05-28,1180.69,shipped
275,275,240,2021-07-25,1539.61,cancelled
276,276,185,2021-04-05,1479.54,cancelled
277,277,243,2021-06-01,1464.18,shipped
278,278,5,2021-06-08,2754.96,pending
279,279,265,2021-09-18,1263.04,delivered
280,280,27,2021-07-29,2809.61,shipped
281,281,224,2022-09-16,2019.09,pending
282,282,194,2021-02-15,1474.79,cancelled
283,283,47,2021-10-30,1335.64,shipped
284,284,84,2022-02-02,2037.51,shipped
285,285,240,2021-12-30,1165.23,delivered
286,286,31,2022-03-24,692.95,delivered
287,287,215,2021-02-28,880.85,shipped
288,288,93,2021-12-07,465.76,cancelled
289,289,193,2022-02-23,2362.87,pending
290,290,90,2021-01-01,2390.24,cancelled
291,291,125,2021-05-12,2215.76,delivered
292,292,158,2022-12-23,1235,shipped
293,293,199,2022-09-30,2977.43,cancelled
294,294,208,2021-10-25,2779.47,cancelled
295,295,57,2022-01-15,1952.49,delivered
296,296,92,2021-04-04,1919.81,shipped
297,297,106,2021-03-27,1603.47,cancelled
298,298,275,2022-11-16,637.65,delivered
299,299,56,2021-01-28,2603.99,delivered
300,300,204,2021-08-07,2652.62,pending
301,301,242,2021-12-20,1108.57,pending
302,302,154,2021-02-13,788.74,pending
303,303,74,2022-02-03,2881.4,shipped
304,304,254,2021-03-18,1624.87,delivered
305,305,84,2022-10-24,2467.8,pending
306,306,36,2021-02-06,2994.43,cancelled
307,307,215,2022-08-23,1005.8,cancelled
308,308,2,2021-04-22,1125.55,shipped
309,309,8,2021-04-11,1952.96,shipped
310,310,283,2022-10-28,1078.31,delivered
311,311,3,2022-01-16,512.26,cancelled
312,312,148,2021-12-02,750.84,cancelled
313,313,155,2021-11-17,2900.12,pending
314,314,52,2022-08-28,1814.36,delivered
315,315,90,2022-09-08,1700.16,shipped
316,316,126,2021-12-18,2154.1,shipped
317,317,50,2022-03-08,1841.36,delivered
318,318,118,2021-03-21,2726.73,delivered
319,319,73,2021-04-24,1337.96,shipped
320,320,51,2021-09-15,1614.96,shipped
321,321,201,2021-09-18,990.83,delivered
322,322,213,2021-08-29,1467.68,pending
323,323,268,2022-11-05,1093.58,cancelled
324,324,175,2021-11-23,1895.35,cancelled
325,325,130,2021-07-18,2433.12,shipped
326,326,158,2021-11-16,2444.62,pending
327,327,23,2022-06-25,605.96,pending
328,328,290,2022-12-17,559.26,cancelled
329,329,289,2022-06-21,940.18,delivered
330,330,269,2022-04-06,2871.53,delivered
331,331,65,2021-07-15,2179.79,shipped
332,332,148,2022-10-26,2360.77,shipped
333,333,202,2021-01-12,733.23,delivered
334,334,136,2021-08-01,1860.87,delivered
335,335,234,2022-12-16,545.65,cancelled
336,336,157,2021-10-26,2162.15,pending
337,337,113,2022-03-07,2815.43,cancelled
338,338,203,2021-11-06,2517.23,shipped
339,339,248,2021-04-07,2109.87,cancelled
340,340,125,2021-05-07,1655.03,cancelled
341,341,117,2021-02-09,1170.18,cancelled
342,342,219,2022-02-07,403.3,pending
343,343,241,2021-07-19,2711.8,cancelled
344,344,49,2022-04-21,1211.21,pending
345,345,133,2022-10-22,1534.98,delivered
346,346,252,2021-10-19,2747.3,delivered
347,347,206,2022-03-15,791.66,delivered
348,348,250,2021-12-16,1998.82,pending
349,349,140,2022-07-21,716.14,cancelled
350,350,54,2022-05-20,1254.65,shipped
351,351,194,2021-02-28,850.58,delivered
352,352,63,2022-08-11,802.15,cancelled
353,353,146,2022-12-05,1495.06,delivered
354,354,171,2021-05-02,475.16,shipped
355,355,187,2021-06-27,1386.44,pending
356,356,24,2022-01-14,2497.8,shipped
357,357,223,2022-01-08,2102.48,pending
358,358,80,2021-02-15,1119.92,shipped
359,359,187,2021-05-29,1264.9,shipped
360,360,105,2022-04-20,712.24,delivered
361,361,246,2022-10-26,2963.06,cancelled
362,362,207,2021-06-21,1653.37,pending
363,363,150,2022-08-05,1523.25,delivered
364,364,189,2022-04-10,216.36,pending
365,365,210,2022-11-26,2264.98,pending
366,366,175,2021-12-15,2240.81,pending
367,367,160,2022-10-23,346.7,shipped
368,368,229,2022-05-18,2093.18,pending
369,369,72,2022-12-02,610.06,pending
370,370,297,2022-08-05,1441.31,pending
371,371,141,2021-02-04,205.18,shipped
372,372,111,2022-01-04,1465.5,cancelled
373,373,81,2022-11-03,612.18,delivered
374,374,109,2022-12-09,2819.14,shipped
375,375,246,2021-10-05,1730.78,shipped
376,376,75,2021-01-24,2490.52,pending
377,377,145,2022-11-27,244.3,shipped
378,378,54,2022-11-16,1332.43,delivered
379,379,108,2022-06-14,1004.88,delivered
380,380,51,2021-09-19,2816.69,pending
381,381,58,2022-11-20,1460.89,cancelled
382,382,299,2021-04-24,1868.93,delivered
383,383,73,2021-05-26,2997.58,pending
384,384,220,2022-10-01,2154.89,pending
385,385,152,2021-09-01,764.39,delivered
386,386,26,2022-02-20,2621.79,pending
387,387,221,2022-06-18,1111.62,cancelled
388,388,292,2022-02-21,2847.1,cancelled
389,389,35,2022-06-07,1616.77,delivered
390,390,227,2021-11-20,1883.38,cancelled
391,391,157,2022-03-31,1155.34,cancelled
392,392,118,2021-02-06,1768.9,shipped
393,393,69,2021-04-27,2042.81,cancelled
394,394,198,2021-12-07,2875.51,cancelled
395,395,213,2022-06-29,1223.82,pending
396,396,120,2022-08-24,1794.03,pending
397,397,139,2022-08-08,2238.74,delivered
398,398,227,2022-12-15,339.18,pending
399,399,137,2021-06-29,1118.34,pending
400,400,200,2022-10-03,1094.31,cancelled
401,401,18,2022-02-16,1656.97,delivered
402,402,162,2021-07-25,2072.79,delivered
403,403,115,2021-07-20,386.49,cancelled
404,404,272,2021-10-26,1421.97,cancelled
405,405,82,2021-07-08,354.68,delivered
406,406,9,2021-10-03,2184.5,pending
407,407,69,2021-08-09,1745.15,delivered
408,408,169,2021-09-16,2353.83,delivered
409,409,34,2022-04-15,324.47,pending
410,410,139,2021-12-18,2344.99,cancelled
411,411,134,2022-09-05,570.78,shipped
412,412,84,2022-12-15,1977.31,shipped
413,413,112,2021-08-04,2930.91,shipped
414,414,246,2021-05-22,1238.41,pending
415,415,100,2022-05-06,1108.32,shipped
416,416,293,2021-05-21,2926.97,cancelled
417,417,283,2022-03-19,1390.48,pending
418,418,118,2022-04-02,2155.13,delivered
419,419,299,2022-02-10,1317.16,shipped
420,420,196,2021-08-27,480.48,pending
421,421,298,2021-10-28,1945.7,pending
422,422,270,2022-06-06,2162.66,delivered
423,423,188,2022-12-16,1072.17,cancelled
424,424,176,2021-01-26,2918.22,cancelled
425,425,198,2021-01-09,2834.85,delivered
426,426,256,2022-02-26,2388.01,pending
427,427,261,2022-07-30,1624.24,pending
428,428,56,2021-11-09,860.04,cancelled
429,429,113,2022-02-28,2902.74,shipped
430,430,273,2021-10-02,203.77,delivered
431,431,223,2021-01-20,1108.2,delivered
432,432,80,2022-02-19,1486.83,cancelled
433,433,259,2022-01-07,2280.42,cancelled
434,434,19,2021-05-16,1060.77,shipped
435,435,261,2021-06-22,2544.26,shipped
436,436,118,2021-08-19,2399.92,pending
437,437,197,2021-10-07,1595.34,shipped
438,438,129,2022-05-01,1610.5,delivered
439,439,257,2022-05-25,2439.58,cancelled
440,440,70,2022-03-02,267.11,cancelled
441,441,13,2022-08-02,553.79,delivered
442,442,284,2021-04-12,562.39,delivered
443,443,25,2022-05-21,406.08,shipped
444,444,250,2022-01-17,884.39,delivered
445,445,231,2021-07-28,753.45,shipped
446,446,93,2022-05-08,201.13,delivered
447,447,3,2022-12-12,2697.8,pending
448,448,50,2022-02-18,1490.72,shipped
449,449,249,2021-08-18,1637.79,delivered
450,450,56,2022-02-24,2347.51,pending
451,451,182,2021-04-02,441.56,cancelled
452,452,140,2021-06-11,1326.69,delivered
453,453,12,2022-05-02,2744.02,pending
454,454,33,2022-01-31,1317.89,pending
455,455,285,2022-04-13,2606.52,cancelled
456,456,249,2021-09-21,991.67,delivered
457,457,79,2021-08-30,322.89,cancelled
458,458,214,2022-10-13,984.45,cancelled
459,459,268,2021-09-23,2594.24,delivered
460,460,229,2022-03-23,2910.02,pending
461,461,156,2021-07-25,1848.72,pending
462,462,20,2022-09-13,1656.98,shipped
463,463,92,2021-05-04,1044.4,shipped
464,464,177,2021-07-14,1979.78,delivered
465,465,111,2021-09-01,2454.95,shipped
466,466,90,2021-10-22,708.46,shipped
467,467,300,2022-09-01,2098.42,cancelled
468,468,260,2021-05-14,1734.7,shipped
469,469,140,2022-08-20,1358.24,cancelled
470,470,243,2021-11-12,1837.22,cancelled
471,471,37,2021-08-12,1326.04,pending
472,472,278,2022-06-15,2456.79,shipped
473,473,131,2022-03-05,323.64,delivered
474,474,47,2021-12-10,2203.07,pending
475,475,11,2022-04-13,852.33,pending
476,476,202,2022-06-08,1110.85,cancelled
477,477,230,2021-05-27,2815.61,shipped
478,478,47,2022-10-08,587.52,cancelled
479,479,43,2022-07-06,2763.87,cancelled
480,480,53,2022-11-27,2798.84,delivered
481,481,64,2021-12-26,2198.31,delivered
482,482,23,2022-02-11,1496.08,delivered
483,483,94,2022-09-21,2361.31,delivered
484,484,300,2021-12-20,1182.23,shipped
485,485,266,2022-03-13,2135.08,delivered
486,486,166,2021-07-05,515.35,delivered
487,487,181,2022-01-30,2917.37,cancelled
488,488,230,2021-06-20,2704.94,cancelled
489,489,67,2021-05-16,998.64,delivered
490,490,113,2021-10-27,1105.48,pending
491,491,293,2022-11-23,2216.21,shipped
492,492,279,2022-06-02,2579.21,pending
493,493,289,2022-11-04,1944.21,delivered
494,494,180,2021-07-31,783.15,delivered
495,495,214,2022-04-16,1016.56,cancelled
496,496,64,2021-03-09,1702.05,cancelled
497,497,47,2021-03-03,2766.16,pending
498,498,7,2022-06-20,859.24,delivered
499,499,236,2021-07-24,1507.52,shipped
500,500,198,2022-02-08,1233.5,pending
501,501,145,2022-12-21,2842.81,shipped
502,502,80,2022-11-05,1653.83,cancelled
503,503,139,2022-08-13,1026.1,shipped
504,504,284,2022-04-21,1538.95,cancelled
505,505,23,2021-01-22,213.26,pending
506,506,242,2021-03-07,2513.37,delivered
507,507,130,2022-08-12,1886.6,cancelled
508,508,289,2022-04-03,343.62,shipped
509,509,65,2022-03-08,1652.81,cancelled
510,510,179,2021-12-10,2824.7,pending
511,511,39,2022-01-24,2912.25,shipped
512,512,269,2022-06-20,1013.86,cancelled
513,513,283,2021-10-17,1465,delivered
514,514,227,2022-01-13,2004.98,delivered
515,515,60,2022-02-28,298.52,pending
516,516,121,2022-09-12,2950.97,delivered
517,517,41,2021-03-13,2479.74,delivered
518,518,6,2022-02-10,274.18,shipped
519,519,196,2021-03-28,1822.42,cancelled
520,520,165,2021-10-07,2544.17,cancelled
521,521,233,2022-06-14,537.97,delivered
522,522,68,2022-04-17,286.63,shipped
523,523,287,2022-11-13,2333.34,pending
524,524,171,2021-03-21,1383.13,delivered
525,525,61,2022-09-18,1954.94,shipped
526,526,35,2021-01-30,330.34,cancelled
527,527,191,2022-06-05,1334.27,shipped
528,528,24,2021-07-21,2205.01,delivered
529,529,103,2021-06-21,1901.08,shipped
530,530,214,2021-12-27,1271.05,delivered
531,531,212,2022-12-11,458.59,delivered
532,532,165,2022-03-15,2292.46,pending
533,533,208,2021-10-05,2470.52,delivered
534,534,150,2021-06-22,853.37,cancelled
535,535,265,2022-05-01,1589.48,cancelled
536,536,271,2021-07-12,824.09,shipped
537,537,277,2021-06-29,1045.43,pending
538,538,256,2022-07-26,1218.16,shipped
539,539,113,2022-09-05,610.36,pending
540,540,15,2021-07-19,763.98,shipped
541,541,158,2022-02-09,1892.87,pending
542,542,197,2022-07-30,2986.61,shipped
543,543,123,2021-02-03,567.93,cancelled
544,544,202,2021-06-26,456.61,pending
545,545,199,2022-02-09,1362.23,pending
546,546,285,2021-01-26,1564.73,shipped
547,547,235,2021-03-27,1047.12,pending
548,548,133,2022-03-15,2933.6,delivered
549,549,153,2022-02-10,1849.48,delivered
550,550,185,2022-06-14,1579.92,cancelled
551,551,249,2022-04-14,2322.61,cancelled
552,552,214,2022-01-21,982.19,shipped
553,553,256,2022-03-21,2528.32,delivered
554,554,150,2021-01-21,547.53,delivered
555,555,187,2021-07-18,2690.1,cancelled
556,556,81,2022-04-10,228.42,pending
557,557,184,2022-03-02,2217,delivered
558,558,179,2022-06-09,1899.25,delivered
559,559,272,2022-08-28,1031.52,pending
560,560,245,2021-03-06,2079.76,cancelled
561,561,45,2022-10-07,432.8,pending
562,562,83,2021-09-27,2479.9,pending
563,563,10,2021-03-13,976.7,shipped
564,564,201,2021-10-23,1169.97,delivered
565,565,201,2021-01-02,455.44,delivered
566,566,231,2021-08-26,2355.04,delivered
567,567,49,2021-06-02,751.81,cancelled
568,568,20,2022-01-20,2225.18,delivered
569,569,197,2021-10-01,1331.22,delivered
570,570,51,2022-01-12,2490.58,shipped
571,571,60,2021-03-06,217.05,pending
572,572,116,2021-10-30,1799.11,cancelled
573,573,254,2021-08-19,1455.81,cancelled
574,574,81,2021-07-30,2195.94,pending
575,575,204,2021-08-17,2784.97,delivered
576,576,38,2021-10-10,1316.09,cancelled
577,577,299,2021-04-30,1839.44,shipped
578,578,189,2021-10-30,2450.82,pending
579,579,148,2021-08-25,1068.18,delivered
580,580,141,2021-05-09,1733.03,cancelled
581,581,135,2021-10-04,457.17,shipped
582,582,46,2022-06-20,924.35,delivered
583,583,243,2022-03-26,648.98,delivered
584,584,150,2021-11-29,1684.68,cancelled
585,585,140,2022-03-30,598.33,shipped
586,586,179,2022-12-09,2740.2,cancelled
587,587,172,2021-07-31,1039.28,pending
588,588,52,2022-11-08,1209.63,delivered
589,589,24,2022-04-19,1054.36,delivered
590,590,239,2021-10-05,1707.18,delivered
591,591,265,2022-02-22,2793.03,cancelled
592,592,160,2021-12-11,946.67,shipped
593,593,177,2022-07-27,1926.14,cancelled
594,594,188,2021-07-20,2918.79,cancelled
595,595,159,2022-05-11,1593.65,cancelled
596,596,232,2022-05-11,724.76,shipped
597,597,110,2021-04-01,1602.9,delivered
598,598,88,2022-08-02,2500.46,delivered
599,599,241,2022-01-27,1188.46,shipped
600,600,260,2021-04-10,1754.83,delivered
601,601,133,2021-04-25,1865.89,pending
602,602,58,2022-03-09,1506.31,shipped
603,603,98,2021-09-20,2438.55,delivered
604,604,65,2021-04-03,2732.11,pending
605,605,218,2022-12-17,2921.26,pending
606,606,117,2022-12-18,2616.35,shipped
607,607,251,2021-01-28,1773.07,delivered
608,608,50,2021-09-19,299.43,pending
609,609,80,2022-11-10,1219.91,cancelled
610,610,253,2021-03-11,2986.38,pending
611,611,64,2022-09-27,2176.29,cancelled
612,612,76,2021-11-10,785.51,delivered
613,613,103,2022-07-04,2974.47,delivered
614,614,292,2021-06-20,2580.78,pending
615,615,95,2022-09-29,2264.58,pending
616,616,195,2021-02-28,515.79,cancelled
617,617,99,2021-06-13,263.02,shipped
618,618,247,2022-03-15,2685.67,pending
619,619,140,2022-03-20,1101.77,cancelled
620,620,30,2021-08-11,2542.52,pending
621,621,134,2022-04-03,704.01,shipped
622,622,181,2021-07-29,857.94,shipped
623,623,189,2022-12-13,2532.67,cancelled
624,624,171,2021-03-03,1498.44,shipped
625,625,156,2021-03-27,1622.78,delivered
626,626,91,2021-01-27,2109.5,pending
627,627,118,2021-05-11,553.96,cancelled
628,628,272,2021-04-27,1861.35,pending
629,629,261,2021-08-29,1822.18,cancelled
630,630,95,2022-01-17,1791.13,delivered
631,631,160,2022-06-13,367.34,shipped
632,632,245,2022-04-23,2575.16,cancelled
633,633,220,2022-09-12,1679.24,delivered
634,634,215,2022-07-27,801.45,shipped
635,635,263,2021-04-27,222.73,cancelled
636,636,218,2021-06-24,2765.12,shipped
637,637,186,2022-07-04,350.62,pending
638,638,264,2022-01-22,2560.89,shipped
639,639,56,2022-09-24,1201.48,cancelled
640,640,51,2021-04-06,1446.15,pending
641,641,105,2022-01-13,846.41,pending
642,642,72,2021-03-11,371.73,delivered
643,643,56,2022-04-03,1333.94,cancelled
644,644,152,2021-07-22,2285.95,pending
645,645,268,2022-06-30,2773.65,cancelled
646,646,297,2021-02-19,920.04,delivered
647,647,166,2022-06-06,2761.48,delivered
648,648,241,2022-10-10,1754.69,cancelled
649,649,281,2022-02-07,2212.74,cancelled
650,650,268,2021-10-03,1312.02,pending
651,651,274,2022-04-19,2367.54,delivered
652,652,188,2022-03-11,1308.84,cancelled
653,653,143,2022-08-08,859.85,pending
654,654,67,2022-01-08,1816.93,delivered
655,655,271,2021-06-03,2327.22,delivered
656,656,208,2022-07-17,331.96,pending
657,657,72,2022-02-15,1501.01,delivered
658,658,240,2022-05-16,347.75,shipped
659,659,68,2022-03-21,1731.92,shipped
660,660,108,2022-02-20,2223.51,pending
661,661,34,2021-09-24,959,pending
662,662,67,2022-01-12,386.15,pending
663,663,70,2022-07-29,1649.86,cancelled
664,664,106,2022-06-24,870.43,shipped
665,665,240,2022-02-05,639.82,pending
666,666,100,2022-02-24,2924.28,shipped
667,667,172,2021-10-22,2186.23,delivered
668,668,173,2021-01-08,2969.1,pending
669,669,66,2021-02-25,2486.95,shipped
670,670,130,2021-07-08,2566.03,shipped
671,671,296,2022-11-14,2417.38,delivered
672,672,68,2021-01-20,563.61,pending
673,673,69,2022-12-18,1949.46,cancelled
674,674,177,2022-10-08,1266.44,cancelled
675,675,173,2022-06-17,2973.24,delivered
676,676,54,2022-09-16,249.04,cancelled
677,677,221,2022-01-24,321.94,cancelled
678,678,163,2022-04-26,1787.24,cancelled
679,679,195,2021-11-18,2578.81,pending
680,680,25,2021-12-09,563.22,cancelled
681,681,145,2021-09-19,316.2,pending
682,682,151,2021-07-11,675.75,cancelled
683,683,56,2022-12-16,1470.65,cancelled
684,684,105,2022-06-14,1372.53,shipped
685,685,83,2021-12-15,2457.03,pending
686,686,267,2022-10-09,772.15,pending
687,687,133,2022-09-30,733.72,pending
688,688,104,2021-03-26,2942.83,shipped
689,689,130,2022-11-22,2185.85,cancelled
690,690,77,2021-11-24,1931.15,shipped
691,691,188,2022-05-25,1533.58,cancelled
692,692,138,2022-10-10,1313.46,shipped
693,693,265,2022-12-10,2752.78,delivered
694,694,215,2021-12-27,2739.82,delivered
695,695,112,2021-05-03,2236.81,delivered
696,696,288,2021-02-25,2620.59,pending
697,697,59,2022-12-24,1105.29,shipped
698,698,212,2022-12-14,787.36,cancelled
699,699,225,2021-04-27,2187.48,pending
700,700,152,2021-06-13,1562.35,delivered
701,701,164,2022-02-02,957.38,shipped
702,702,283,2021-08-29,1330.35,pending
703,703,122,2021-10-15,2925.21,cancelled
704,704,288,2022-10-30,249.01,shipped
705,705,263,2021-01-28,2102.74,cancelled
706,706,184,2022-01-25,2077.34,shipped
707,707,191,2021-07-19,564.24,shipped
708,708,270,2022-12-28,1089.4,cancelled
709,709,242,2022-09-25,1509.68,delivered
710,710,194,2021-01-20,1261.37,pending
711,711,158,2021-01-24,770.94,delivered
712,712,73,2022-07-16,674.58,cancelled
713,713,134,2022-05-08,942.07,cancelled
714,714,160,2021-12-24,750.12,pending
715,715,226,2021-01-13,2488.85,delivered
716,716,84,2021-09-29,2511.2,delivered
717,717,119,2021-11-16,282.21,shipped
718,718,50,2021-06-03,1558.25,cancelled
719,719,141,2021-05-03,423.17,cancelled
720,720,271,2022-07-20,1167.33,delivered
721,721,109,2021-10-24,513.54,delivered
722,722,98,2022-02-26,646.34,delivered
723,723,219,2021-12-14,2068.55,delivered
724,724,217,2021-09-22,2974.17,shipped
725,725,80,2021-10-26,2776.06,shipped
726,726,261,2022-08-02,1978.47,pending
727,727,125,2022-08-25,2972.12,shipped
728,728,218,2022-10-08,2582.6,shipped
729,729,82,2022-05-01,677.56,pending
730,730,243,2021-05-19,1861.67,pending
731,731,155,2022-02-21,333.94,shipped
732,732,216,2022-03-29,2868.51,cancelled
733,733,99,2021-06-12,800.19,pending
734,734,189,2022-04-21,227.08,shipped
735,735,148,2022-11-01,1918.44,pending
736,736,231,2022-01-14,794.84,shipped
737,737,4,2021-03-05,1155.49,cancelled
738,738,198,2021-05-07,740.14,cancelled
739,739,202,2021-09-17,1315.96,cancelled
740,740,260,2021-04-18,2329.83,delivered
741,741,233,2022-10-09,725.73,pending
742,742,99,2021-10-17,803.3,shipped
743,743,261,2022-04-24,2444.68,pending
744,744,106,2022-08-19,2886.4,pending
745,745,99,2021-10-12,1560.68,shipped
746,746,58,2022-04-22,987.22,pending
747,747,141,2021-07-14,847.43,delivered
748,748,59,2022-06-22,595.05,pending
749,749,103,2022-04-30,306.44,pending
750,750,105,2021-06-21,1599.94,delivered
751,751,209,2022-05-19,1905.9,cancelled
752,752,14,2021-03-18,850.61,shipped
753,753,40,2021-09-18,1349.42,pending
754,754,287,2021-04-27,2539.78,delivered
755,755,104,2021-08-03,1882.14,shipped
756,756,77,2022-01-06,452.8,delivered
757,757,84,2022-11-14,2236.59,pending
758,758,27,2021-06-24,2571.42,delivered
759,759,246,2021-05-23,1618.32,shipped
760,760,100,2021-10-14,1288.39,delivered
761,761,184,2022-03-16,1192.11,pending
762,762,56,2021-12-15,1575.54,cancelled
763,763,22,2021-11-22,945.47,shipped
764,764,100,2021-06-14,2410.82,delivered
765,765,108,2021-10-03,1608.1,delivered
766,766,197,2022-07-02,2829.93,cancelled
767,767,113,2022-11-28,2894.88,cancelled
768,768,232,2021-08-07,246.63,cancelled
769,769,143,2022-06-18,2269.39,delivered
770,770,276,2021-09-11,1254.58,pending
771,771,36,2021-04-18,2864.62,shipped
772,772,241,2022-07-02,2228.84,shipped
773,773,265,2021-04-06,251.3,cancelled
774,774,44,2022-05-04,1626.77,cancelled
775,775,279,2021-03-11,1666.33,delivered
776,776,144,2021-02-04,2795.7,cancelled
777,777,100,2021-01-15,375.91,delivered
778,778,290,2021-02-09,1524.05,cancelled
779,779,181,2022-01-06,2443.11,delivered
780,780,112,2021-09-09,1823.97,cancelled
781,781,94,2021-04-18,2841.8,shipped
782,782,48,2021-06-25,2416.44,shipped
783,783,80,2022-11-08,833.73,delivered
784,784,62,2022-08-14,2303.8,shipped
785,785,53,2022-11-24,2486.3,cancelled
786,786,12,2021-07-24,1831.29,cancelled
787,787,289,2022-06-18,717.83,pending
788,788,252,2022-10-16,2639.05,delivered
789,789,143,2022-05-30,667.63,pending
790,790,217,2021-08-17,578.23,delivered
791,791,262,2021-06-05,2404.88,pending
792,792,228,2022-02-09,2102.15,pending
793,793,192,2021-06-15,2373.94,cancelled
794,794,138,2022-08-02,730.24,pending
795,795,187,2022-01-09,2577.89,pending
796,796,129,2022-08-17,1331.2,delivered
797,797,136,2021-05-24,2566.34,shipped
798,798,214,2021-09-19,2037.95,shipped
799,799,149,2021-11-13,2408.33,delivered
800,800,224,2021-03-20,2236.53,delivered
801,801,76,2021-01-23,1032.84,pending
802,802,72,2022-04-27,537.04,cancelled
803,803,74,2022-07-24,2036.1,pending
804,804,31,2022-06-26,873.63,shipped
805,805,99,2022-01-27,798,delivered
806,806,146,2021-11-02,1631.78,pending
807,807,24,2022-11-06,2843.02,delivered
808,808,241,2022-03-18,454.57,cancelled
809,809,102,2022-03-24,397.92,pending
810,810,121,2021-09-21,404.1,shipped
811,811,63,2022-05-15,2814.33,pending
812,812,94,2022-06-20,1654.01,delivered
813,813,175,2021-08-30,2565.46,shipped
814,814,186,2021-10-20,721,shipped
815,815,221,2022-01-13,1118,cancelled
816,816,161,2021-07-28,1554.55,delivered
817,817,77,2021-01-01,1494.4,delivered
818,818,191,2022-04-04,2518.47,pending
819,819,136,2022-01-14,2103.65,shipped
820,820,46,2022-03-15,1440.29,shipped
821,821,56,2022-12-14,1761.72,delivered
822,822,43,2021-10-13,2201.57,shipped
823,823,242,2021-01-06,2006.48,shipped
824,824,97,2022-10-28,1158.71,delivered
825,825,89,2022-10-12,2306.15,pending
826,826,36,2022-05-03,728.94,pending
827,827,55,2022-06-30,2955.68,cancelled
828,828,30,2021-08-27,1154.17,delivered
829,829,163,2022-06-29,224.67,shipped
830,830,31,2022-07-27,2292.65,pending
831,831,196,2022-04-18,1917.04,delivered
832,832,232,2022-09-22,348.63,pending
833,833,294,2022-04-07,2837.89,delivered
834,834,7,2021-02-04,1390.76,shipped
835,835,292,2021-05-24,1315.52,shipped
836,836,137,2022-01-23,2178.72,shipped
837,837,255,2022-12-19,328.18,delivered
838,838,262,2021-11-05,1274.18,shipped
839,839,180,2022-04-27,2745.86,pending
840,840,255,2021-10-16,2801.82,delivered
841,841,275,2022-11-01,1956.35,pending
842,842,111,2021-10-30,2209.97,pending
843,843,132,2022-08-14,617.31,pending
844,844,45,2022-03-26,339.59,delivered
845,845,178,2021-02-07,1593.15,cancelled
846,846,104,2022-09-10,1340.67,pending
847,847,139,2021-03-14,1321.49,pending
848,848,297,2021-11-15,1460.67,delivered
849,849,288,2021-01-19,246.23,shipped
850,850,147,2022-04-18,2333.75,cancelled
851,851,120,2021-04-27,1150.54,delivered
852,852,197,2022-09-23,1957.56,delivered
853,853,179,2021-08-08,2821.04,cancelled
854,854,300,2022-04-01,723.66,delivered
855,855,9,2021-02-23,344.01,pending
856,856,272,2022-05-02,1359.4,delivered
857,857,2,2021-09-26,1851.5,pending
858,858,13,2022-05-20,345.79,shipped
859,859,198,2021-02-19,1079.86,cancelled
860,860,167,2021-07-24,595.97,pending
861,861,118,2022-05-15,1002,delivered
862,862,55,2022-04-21,2543.58,shipped
863,863,181,2021-05-30,2314.73,delivered
864,864,51,2021-07-11,2267.24,delivered
865,865,62,2021-07-22,2641.05,shipped
866,866,57,2021-02-04,248.71,cancelled
867,867,296,2022-10-09,2360.98,delivered
868,868,138,2021-04-25,1465.52,cancelled
869,869,201,2022-06-19,1817.99,delivered
870,870,239,2021-06-15,2609.93,pending
871,871,148,2022-02-14,1449.02,shipped
872,872,169,2021-07-31,1399.23,delivered
873,873,93,2021-11-06,1860.74,pending
874,874,34,2022-10-29,1416.98,pending
875,875,138,2022-07-07,1103.84,shipped
876,876,140,2022-10-15,2212.52,delivered
877,877,13,2022-03-11,279.12,pending
878,878,221,2021-11-27,463.86,delivered
879,879,240,2021-06-30,290.48,cancelled
880,880,164,2022-04-20,1235.4,pending
881,881,82,2022-04-01,2774.29,cancelled
882,882,291,2022-07-19,732.81,cancelled
883,883,115,2021-12-31,284.95,pending
884,884,234,2022-05-10,2923.1,pending
885,885,72,2022-11-23,747.33,pending
886,886,149,2021-03-26,2656.93,delivered
887,887,207,2021-10-18,348.44,cancelled
888,888,213,2022-01-30,1027.42,pending
889,889,4,2021-08-08,2604.55,pending
890,890,118,2022-01-28,2681.73,cancelled
891,891,225,2021-12-25,201.74,shipped
892,892,121,2021-10-16,1131.59,cancelled
893,893,65,2022-09-23,2854.51,cancelled
894,894,130,2022-05-21,1665.26,cancelled
895,895,77,2022-03-30,2371.69,delivered
896,896,136,2021-09-11,2281.77,shipped
897,897,267,2021-10-29,2974.02,delivered
898,898,106,2021-02-21,2690.64,shipped
899,899,60,2022-12-16,623.33,shipped
900,900,36,2021-01-29,323.57,shipped
901,901,152,2022-09-15,356.54,pending
902,902,79,2021-06-19,1341.69,cancelled
903,903,245,2021-11-09,2462.88,pending
904,904,195,2022-11-06,1036.38,cancelled
905,905,142,2022-11-04,2116.1,delivered
906,906,195,2021-05-11,2174.21,shipped
907,907,74,2022-02-16,781.26,cancelled
908,908,222,2022-06-26,1614.13,delivered
909,909,12,2021-08-18,1205.87,pending
910,910,197,2022-04-13,2208.96,pending
911,911,99,2022-06-24,2254.07,cancelled
912,912,290,2022-08-23,2803.19,delivered
913,913,158,2021-08-30,2587.01,shipped
914,914,182,2021-11-21,2138.1,delivered
915,915,285,2021-12-19,547.45,delivered
916,916,74,2022-11-10,1732.99,delivered
917,917,64,2021-01-19,2063.27,shipped
918,918,227,2021-11-26,2269.24,shipped
919,919,123,2022-09-18,541.81,delivered
920,920,114,2022-12-02,1132.06,pending
921,921,162,2022-07-16,601.62,cancelled
922,922,19,2021-05-02,2320.35,delivered
923,923,66,2021-01-16,2425.77,pending
924,924,274,2021-12-12,2243.81,delivered
925,925,96,2021-08-21,1789.69,delivered
926,926,286,2022-11-01,1435.23,delivered
927,927,287,2022-12-28,2746.38,cancelled
928,928,40,2022-03-01,2093.96,delivered
929,929,123,2022-09-09,655.82,pending
930,930,297,2021-02-10,1966.45,pending
931,931,263,2021-06-14,1505.05,delivered
932,932,60,2021-08-22,2905.71,pending
933,933,73,2021-02-28,1482.87,pending
934,934,293,2021-05-08,2910.89,shipped
935,935,42,2022-04-17,619.85,cancelled
936,936,192,2021-05-23,206.25,cancelled
937,937,179,2022-12-14,2051.27,delivered
938,938,114,2021-02-07,1008.98,cancelled
939,939,152,2022-05-31,1228.96,pending
940,940,136,2021-11-04,2797.28,shipped
941,941,103,2022-05-06,2033.43,cancelled
942,942,140,2021-04-28,2579.07,pending
943,943,43,2022-06-06,819.18,pending
944,944,49,2021-01-04,1485.79,delivered
945,945,38,2022-06-12,1177.26,shipped
946,946,292,2022-11-19,1784.53,delivered
947,947,163,2021-09-06,531.66,delivered
948,948,191,2022-06-20,356.25,pending
949,949,147,2022-04-19,2638.62,shipped
950,950,40,2022-03-13,2188.72,cancelled
951,951,87,2022-04-10,936.75,pending
952,952,183,2021-06-22,2633.99,shipped
953,953,81,2022-05-11,2501.87,cancelled
954,954,264,2021-06-30,1046.49,delivered
955,955,174,2022-09-24,1180.04,shipped
956,956,71,2022-10-21,472.12,cancelled
957,957,82,2021-09-19,1482.16,cancelled
958,958,253,2021-11-20,2986.75,shipped
959,959,152,2022-08-30,453.21,pending
960,960,107,2022-03-09,1954.48,shipped
961,961,192,2022-06-12,1775.51,cancelled
962,962,221,2022-09-11,1198.97,cancelled
963,963,239,2021-08-28,950.64,pending
964,964,253,2021-07-21,1513.84,cancelled
965,965,22,2021-08-24,802.56,shipped
966,966,272,2022-09-16,1452.93,delivered
967,967,192,2021-09-26,1296.87,shipped
968,968,271,2021-10-09,818.32,cancelled
969,969,54,2022-12-14,895.09,cancelled
970,970,2,2021-09-19,2331.38,cancelled
971,971,99,2022-08-19,1889.09,cancelled
972,972,219,2021-06-01,1954.47,cancelled
973,973,264,2022-11-27,2581.62,cancelled
974,974,183,2022-10-18,1713.03,cancelled
975,975,104,2021-06-27,1467.94,delivered
976,976,198,2022-04-21,2457.3,delivered
977,977,253,2021-10-10,1821.61,shipped
978,978,245,2022-06-17,662.62,pending
979,979,111,2022-09-25,1972.69,delivered
980,980,204,2021-08-05,2947.16,pending
981,981,78,2022-01-10,1484.86,cancelled
982,982,203,2021-06-10,627.56,pending
983,983,202,2022-01-03,555.65,cancelled
984,984,216,2021-09-11,1138.9,shipped
985,985,77,2021-07-28,1035.27,delivered
986,986,11,2022-10-13,1431.4,pending
987,987,184,2021-12-24,1401.08,pending
988,988,38,2021-09-29,1542.97,delivered
989,989,230,2021-08-03,1131.94,delivered
990,990,56,2022-03-03,1614.72,shipped
991,991,61,2022-01-04,1165.57,shipped
992,992,205,2021-09-01,2323.64,pending
993,993,6,2022-10-20,328.36,cancelled
994,994,293,2022-12-06,2221.96,pending
995,995,212,2021-11-07,1588.21,cancelled
996,996,258,2022-10-30,1559.65,cancelled
997,997,60,2022-02-14,211.56,shipped
998,998,200,2022-10-24,1512.41,shipped
999,999,237,2021-12-04,1776.41,delivered
1000,1000,102,2021-05-01,1856.34,pending
68,1001,208,2021-11-03,515,Shipped
801,1002,252,2022-05-21,813,Processing
541,1003,24,2022-04-20,1211,Shipped
522,1004,37,2021-11-04,1994,Pending
241,1005,50,2022-03-30,1810,Shipped
219,1006,130,2022-05-01,2482,Shipped
270,1007,72,2022-06-01,1479,Shipped
220,1008,70,2021-07-23,2262,Processing
783,1009,232,2022-10-24,1502,Pending
288,1010,87,2022-08-16,830,Cancelled
571,1011,81,2022-04-28,982,Delivered
270,1012,291,2021-09-20,1269,Delivered
901,1013,133,2022-01-02,1473,Delivered
364,1014,66,2021-03-14,2217,Shipped
499,1015,96,2022-01-27,421,Shipped
689,1016,231,2022-04-08,901,Shipped
967,1017,142,2021-11-30,1008,Pending
337,1018,162,2021-06-07,883,Cancelled
447,1019,152,2021-01-13,420,Shipped
895,1020,156,2022-04-28,808,Delivered
474,1021,139,2022-04-01,889,Cancelled
934,1022,57,2022-08-16,503,Pending
41,1023,134,2022-02-17,259,Cancelled
918,1024,219,2021-06-10,593,Shipped
615,1025,189,2022-09-16,1580,Pending
476,1026,289,2021-08-18,277,Delivered
803,1027,290,2022-07-15,1328,Shipped
986,1028,141,2022-03-04,2217,Processing
235,1029,119,2022-04-26,791,Shipped
442,1030,271,2022-07-28,1979,Shipped
182,1031,261,2021-11-04,375,Processing
449,1032,224,2021-02-11,503,Shipped
966,1033,56,2021-08-28,1669,Cancelled
444,1034,65,2022-11-21,264,Cancelled
990,1035,225,2021-02-24,636,Cancelled
459,1036,288,2022-03-10,2165,Delivered
679,1037,103,2021-03-12,2310,Pending
931,1038,255,2022-11-11,1554,Delivered
974,1039,141,2022-07-13,1669,Pending
680,1040,217,2021-10-24,1068,Delivered
903,1041,199,2021-06-05,1567,Pending
792,1042,203,2022-03-09,1682,Processing
938,1043,184,2022-08-15,640,Processing
667,1044,115,2021-12-15,2353,Delivered
342,1045,295,2021-04-25,441,Pending
999,1046,81,2021-02-17,2281,Pending
384,1047,115,2022-04-08,533,Pending
897,1048,138,2022-12-22,691,Shipped
520,1049,157,2022-10-04,953,Delivered
187,1050,125,2022-05-17,451,Delivered
444,1051,159,2022-10-07,566,Processing
759,1052,55,2021-10-19,2250,Cancelled
752,1053,235,2021-12-07,2271,Cancelled
695,1054,69,2021-06-27,2349,Processing
11,1055,221,2021-07-26,1170,Pending
409,1056,142,2022-08-08,1811,Delivered
917,1057,184,2022-01-27,1619,Processing
644,1058,28,2021-05-28,1313,Cancelled
55,1059,72,2022-05-15,1482,Shipped
911,1060,111,2022-04-11,2406,Processing
647,1061,48,2021-05-09,1257,Delivered
726,1062,238,2022-07-26,2361,Shipped
93,1063,66,2021-07-15,840,Shipped
492,1064,60,2022-10-30,806,Delivered
49,1065,17,2021-03-30,840,Pending
376,1066,177,2021-05-23,1106,Pending
765,1067,38,2021-10-08,1269,Shipped
449,1068,95,2021-09-27,1347,Processing
142,1069,141,2021-09-04,956,Delivered
485,1070,260,2021-09-13,1266,Shipped
603,1071,213,2021-08-01,285,Processing
955,1072,240,2022-01-26,228,Delivered
264,1073,249,2022-03-18,514,Shipped
165,1074,89,2021-04-11,535,Pending
165,1075,18,2022-04-19,1455,Shipped
394,1076,261,2022-06-11,1054,Pending
649,1077,229,2021-07-16,1797,Cancelled
425,1078,79,2022-09-12,1624,Shipped
758,1079,218,2022-04-12,1086,Shipped
163,1080,248,2022-12-10,236,Delivered
215,1081,127,2021-10-17,656,Cancelled
383,1082,12,2021-04-25,2158,Pending
394,1083,226,2022-02-11,568,Pending
44,1084,291,2022-02-14,933,Processing
883,1085,199,2022-02-13,1890,Shipped
836,1086,244,2022-01-25,1399,Delivered
660,1087,48,2021-08-07,1831,Pending
739,1088,201,2021-02-20,921,Pending
605,1089,134,2022-08-12,479,Processing
132,1090,50,2022-11-29,1541,Processing
552,1091,184,2021-05-03,2291,Cancelled
470,1092,139,2021-12-11,1003,Pending
510,1093,168,2021-08-05,924,Pending
775,1094,23,2021-07-07,725,Pending
598,1095,228,2022-09-06,2402,Pending
949,1096,166,2022-09-20,523,Shipped
232,1097,87,2022-12-08,2188,Cancelled
213,1098,134,2021-12-04,1969,Shipped
670,1099,93,2021-07-24,2250,Processing
688,1100,75,2021-08-01,1121,Processing
773,1101,226,2022-03-07,1285,Cancelled
822,1102,162,2022-07-12,633,Processing
769,1103,236,2021-01-23,2033,Delivered
841,1104,36,2021-05-21,385,Processing
97,1105,230,2022-11-25,407,Processing
787,1106,198,2021-11-15,2315,Processing
437,1107,203,2022-04-18,770,Pending
786,1108,175,2022-02-22,659,Processing
761,1109,59,2022-12-21,1555,Processing
867,1110,205,2022-03-14,1752,Processing
456,1111,224,2022-07-18,1873,Shipped
663,1112,269,2022-09-13,750,Processing
933,1113,260,2022-08-09,258,Processing
135,1114,67,2021-12-30,322,Shipped
636,1115,63,2021-05-04,219,Processing
642,1116,26,2022-10-25,311,Delivered
107,1117,267,2021-12-13,1887,Pending
572,1118,22,2022-05-17,491,Shipped
752,1119,130,2021-08-22,545,Delivered
908,1120,98,2022-05-19,1496,Cancelled
735,1121,186,2022-01-13,1652,Pending
556,1122,189,2022-01-22,2231,Cancelled
493,1123,238,2022-10-15,1779,Processing
355,1124,161,2022-09-11,2115,Pending
774,1125,161,2021-08-22,1047,Pending
412,1126,188,2021-10-16,2252,Processing
872,1127,102,2022-03-10,1978,Pending
782,1128,128,2021-04-02,1753,Delivered
196,1129,248,2022-07-13,2095,Cancelled
19,1130,79,2022-12-06,828,Delivered
235,1131,62,2022-07-06,2297,Processing
373,1132,38,2022-11-08,2192,Shipped
595,1133,81,2022-08-07,1933,Processing
473,1134,186,2022-04-10,583,Delivered
766,1135,109,2021-03-22,1512,Shipped
306,1136,31,2021-05-13,1581,Cancelled
425,1137,161,2021-01-31,1534,Delivered
235,1138,114,2022-03-09,1192,Shipped
512,1139,243,2021-09-15,1928,Shipped
238,1140,82,2021-03-31,945,Pending
828,1141,120,2022-11-03,2239,Pending
289,1142,24,2022-11-16,1403,Shipped
182,1143,74,2021-05-24,1100,Shipped
516,1144,270,2021-09-21,1488,Shipped
167,1145,73,2021-04-15,267,Processing
855,1146,217,2021-01-05,615,Delivered
143,1147,298,2022-03-19,2415,Processing
9,1148,48,2022-09-23,1798,Processing
971,1149,30,2022-03-10,2452,Pending
258,1150,89,2022-03-18,1017,Cancelled
889,1151,277,2021-08-25,2089,Processing
147,1152,190,2021-04-05,316,Cancelled
258,1153,213,2021-10-04,1549,Processing
584,1154,135,2021-10-29,1902,Processing
96,1155,200,2022-07-09,2430,Delivered
539,1156,242,2021-02-26,1853,Shipped
954,1157,259,2022-12-29,2188,Cancelled
124,1158,287,2021-06-23,660,Pending
462,1159,141,2022-01-28,2133,Pending
480,1160,144,2022-06-11,2369,Pending
162,1161,12,2021-07-08,1704,Delivered
434,1162,83,2022-11-25,2492,Delivered
653,1163,170,2021-06-24,2265,Processing
799,1164,224,2021-01-23,356,Processing
257,1165,289,2022-10-29,966,Processing
750,1166,245,2021-12-02,260,Processing
178,1167,258,2021-06-01,2092,Shipped
1,1168,122,2022-05-06,1459,Processing
102,1169,183,2022-05-23,2118,Cancelled
861,1170,261,2022-03-22,1484,Delivered
634,1171,150,2022-10-11,938,Processing
186,1172,13,2021-12-22,675,Delivered
541,1173,235,2021-02-04,1190,Cancelled
755,1174,194,2021-11-26,269,Pending
734,1175,250,2021-02-11,853,Processing
164,1176,117,2021-06-08,1500,Delivered
302,1177,6,2022-09-01,2414,Shipped
700,1178,21,2022-03-28,863,Shipped
887,1179,166,2021-03-02,936,Shipped
920,1180,49,2022-06-05,1603,Cancelled
194,1181,278,2022-02-11,2407,Pending
444,1182,176,2022-11-15,2056,Pending
242,1183,12,2021-07-11,703,Processing
532,1184,298,2022-02-27,2235,Shipped
593,1185,154,2022-07-02,554,Delivered
236,1186,50,2022-02-07,1561,Pending
461,1187,139,2022-07-13,2091,Processing
636,1188,138,2021-06-20,1119,Cancelled
991,1189,193,2022-07-16,1274,Delivered
928,1190,226,2021-11-18,1039,Shipped
84,1191,199,2021-03-11,1870,Cancelled
674,1192,57,2021-04-07,1619,Pending
298,1193,96,2022-01-17,1528,Cancelled
953,1194,191,2022-11-11,1751,Cancelled
181,1195,136,2022-05-23,319,Delivered
223,1196,226,2022-02-03,1444,Delivered
74,1197,232,2022-12-11,628,Processing
202,1198,139,2022-02-04,1999,Processing
269,1199,131,2021-05-17,1874,Delivered
226,1200,83,2021-04-08,361,Processing
602,1201,192,2021-10-11,1571,Pending
707,1202,135,2022-07-19,457,Shipped
328,1203,165,2022-09-27,755,Shipped
190,1204,122,2021-01-07,673,Shipped
980,1205,19,2021-09-23,260,Delivered
68,1206,146,2021-07-09,253,Shipped
859,1207,231,2021-12-28,980,Shipped
488,1208,33,2022-12-21,1496,Processing
412,1209,129,2021-04-15,1623,Shipped
30,1210,144,2021-08-14,1350,Processing
987,1211,72,2021-03-04,521,Delivered
920,1212,30,2022-04-26,1972,Cancelled
56,1213,42,2021-05-29,2339,Cancelled
382,1214,51,2022-02-23,888,Processing
97,1215,25,2021-12-21,1112,Pending
407,1216,36,2021-12-09,532,Delivered
496,1217,126,2021-05-17,2185,Cancelled
551,1218,76,2021-06-21,666,Cancelled
42,1219,124,2022-09-30,1330,Cancelled
938,1220,224,2022-12-05,1246,Delivered
642,1221,265,2022-09-22,1261,Pending
689,1222,236,2022-09-23,1267,Cancelled
774,1223,101,2021-12-30,1570,Pending
287,1224,175,2022-01-21,1870,Processing
396,1225,36,2022-06-28,836,Pending
238,1226,135,2021-12-07,1040,Cancelled
149,1227,104,2022-04-12,1524,Cancelled
842,1228,140,2021-03-16,426,Pending
100,1229,131,2022-03-30,274,Processing
367,1230,169,2022-04-12,262,Delivered
391,1231,59,2021-05-13,406,Cancelled
896,1232,131,2022-06-05,2378,Pending
394,1233,139,2022-02-18,1539,Pending
684,1234,98,2022-12-14,1760,Cancelled
686,1235,97,2022-02-05,1899,Shipped
804,1236,106,2021-08-24,1395,Processing
850,1237,83,2021-11-27,1251,Delivered
390,1238,53,2021-03-28,1895,Shipped
281,1239,170,2021-09-04,1747,Delivered
2,1240,26,2022-06-26,784,Delivered
427,1241,262,2022-10-25,425,Processing
608,1242,273,2022-04-04,229,Shipped
528,1243,142,2022-11-26,1354,Cancelled
232,1244,18,2022-02-03,288,Delivered
129,1245,170,2022-02-05,1033,Pending
265,1246,28,2022-08-13,537,Cancelled
167,1247,240,2022-12-17,1578,Pending
248,1248,44,2022-11-22,2391,Delivered
593,1249,93,2021-07-08,287,Shipped
816,1250,116,2022-12-25,1381,Pending
394,1251,107,2022-06-23,2009,Delivered
794,1252,115,2021-10-03,682,Delivered
125,1253,278,2021-08-18,842,Pending
359,1254,154,2021-11-07,1842,Processing
227,1255,228,2022-02-27,811,Pending
838,1256,81,2022-03-20,2000,Pending
714,1257,28,2022-10-14,512,Pending
59,1258,35,2021-06-03,1151,Shipped
531,1259,28,2021-03-18,2163,Shipped
14,1260,205,2022-04-12,2108,Cancelled
444,1261,42,2022-08-17,1085,Pending
347,1262,281,2022-04-16,1725,Delivered
739,1263,109,2021-07-10,586,Shipped
708,1264,134,2021-02-26,230,Pending
99,1265,57,2021-09-27,1380,Cancelled
749,1266,199,2021-11-06,638,Delivered
315,1267,54,2021-11-05,837,Pending
212,1268,2,2021-01-26,1704,Cancelled
988,1269,60,2021-02-28,1491,Shipped
49,1270,106,2021-09-05,2029,Shipped
962,1271,58,2022-01-23,507,Shipped
576,1272,200,2022-05-25,1445,Cancelled
610,1273,24,2021-09-03,283,Delivered
566,1274,24,2021-09-22,2326,Cancelled
859,1275,177,2022-12-26,671,Delivered
999,1276,32,2021-01-07,626,Processing
773,1277,190,2021-10-27,1409,Processing
746,1278,134,2022-04-21,832,Shipped
259,1279,16,2022-01-03,582,Cancelled
68,1280,53,2021-01-18,1800,Delivered
135,1281,246,2022-04-15,987,Delivered
271,1282,93,2021-01-17,269,Delivered
850,1283,88,2022-01-03,1251,Processing
195,1284,83,2021-05-09,1722,Pending
689,1285,253,2022-09-22,2098,Shipped
166,1286,237,2021-03-22,2338,Delivered
252,1287,207,2022-02-15,685,Pending
199,1288,32,2021-09-28,2175,Processing
712,1289,35,2022-12-22,1225,Cancelled
292,1290,123,2021-01-28,539,Processing
950,1291,36,2022-09-15,2213,Pending
519,1292,109,2021-12-30,1303,Delivered
118,1293,258,2022-05-15,261,Processing
451,1294,30,2022-01-29,1339,Delivered
68,1295,92,2021-09-07,1174,Delivered
109,1296,55,2021-10-11,1447,Pending
544,1297,232,2021-09-14,1889,Cancelled
176,1298,142,2022-02-08,1189,Cancelled
745,1299,68,2022-03-26,2187,Cancelled
841,1300,89,2022-09-15,1654,Cancelled
698,1301,62,2021-08-06,2160,Shipped
661,1302,231,2021-02-14,1255,Delivered
939,1303,15,2021-05-10,739,Processing
722,1304,127,2021-06-14,2405,Processing
833,1305,68,2022-02-19,882,Cancelled
640,1306,137,2021-03-19,348,Shipped
827,1307,275,2021-10-07,844,Shipped
549,1308,7,2021-06-17,1324,Pending
4,1309,102,2022-06-25,1576,Shipped
176,1310,136,2021-12-04,2343,Cancelled
225,1311,136,2021-10-07,1184,Processing
964,1312,7,2022-02-23,515,Processing
833,1313,97,2021-03-26,2409,Processing
475,1314,46,2022-06-20,2253,Pending
215,1315,85,2021-01-17,1270,Processing
259,1316,188,2021-02-24,1387,Processing
652,1317,190,2022-05-13,2171,Cancelled
731,1318,114,2022-05-20,1524,Cancelled
507,1319,96,2021-07-30,374,Processing
878,1320,210,2022-06-24,1617,Pending
202,1321,109,2022-09-30,1890,Processing
140,1322,98,2022-06-08,313,Delivered
705,1323,84,2022-01-25,2311,Shipped
125,1324,237,2021-03-03,575,Processing
53,1325,47,2022-08-11,389,Pending
966,1326,113,2021-08-14,1990,Delivered
755,1327,163,2021-06-14,1900,Delivered
195,1328,231,2022-05-01,603,Pending
726,1329,167,2022-02-27,1373,Processing
972,1330,182,2021-05-23,852,Cancelled
922,1331,257,2022-05-11,1924,Processing
454,1332,284,2021-02-05,2113,Pending
547,1333,43,2021-06-14,2332,Pending
220,1334,125,2022-05-08,1758,Shipped
262,1335,50,2022-09-06,882,Pending
341,1336,156,2021-02-10,1532,Pending
447,1337,136,2022-06-24,1865,Shipped
35,1338,296,2022-06-06,1541,Processing
824,1339,297,2022-11-01,838,Cancelled
860,1340,97,2022-12-25,406,Pending
924,1341,288,2021-02-13,2309,Cancelled
204,1342,33,2022-07-23,1679,Processing
547,1343,246,2022-10-28,1140,Shipped
977,1344,157,2021-09-11,1424,Shipped
213,1345,157,2021-01-21,1125,Pending
305,1346,156,2021-08-12,2225,Cancelled
399,1347,299,2022-09-03,1020,Pending
568,1348,211,2021-08-21,893,Cancelled
942,1349,49,2022-12-15,2215,Cancelled
733,1350,287,2021-11-15,1363,Shipped
273,1351,45,2022-01-16,427,Cancelled
267,1352,234,2022-06-29,1045,Pending
734,1353,199,2022-10-29,1356,Shipped
396,1354,265,2022-11-22,2198,Shipped
63,1355,54,2021-01-24,440,Shipped
949,1356,190,2021-07-11,1454,Shipped
152,1357,264,2021-04-19,2499,Cancelled
679,1358,63,2022-11-19,1509,Cancelled
526,1359,94,2021-11-04,932,Delivered
170,1360,216,2022-11-10,584,Pending
922,1361,221,2022-10-16,2373,Pending
389,1362,47,2022-08-25,234,Pending
379,1363,10,2022-07-11,1098,Delivered
217,1364,239,2021-10-24,1194,Processing
536,1365,297,2021-07-01,521,Pending
580,1366,295,2022-09-28,1266,Delivered
442,1367,36,2022-01-03,2060,Processing
646,1368,292,2021-03-12,2497,Shipped
151,1369,60,2021-03-31,2021,Processing
857,1370,17,2021-06-16,849,Delivered
58,1371,83,2021-12-18,277,Pending
96,1372,109,2022-11-08,746,Shipped
93,1373,210,2022-07-21,266,Pending
331,1374,24,2022-06-19,715,Shipped
573,1375,235,2022-11-20,1933,Processing
530,1376,47,2021-03-18,1398,Delivered
13,1377,73,2022-05-25,2408,Shipped
559,1378,177,2022-01-15,687,Shipped
927,1379,248,2022-06-25,246,Shipped
538,1380,183,2022-08-11,1707,Shipped
434,1381,200,2022-09-19,1510,Shipped
620,1382,119,2022-01-11,1681,Processing
781,1383,69,2021-03-31,1219,Delivered
752,1384,18,2021-09-01,330,Cancelled
235,1385,110,2022-09-24,1258,Pending
915,1386,141,2021-08-31,338,Delivered
860,1387,99,2022-03-18,405,Pending
233,1388,233,2022-02-11,2448,Delivered
394,1389,95,2021-10-12,1856,Processing
370,1390,159,2021-12-27,1836,Cancelled
226,1391,277,2021-09-22,1443,Pending
927,1392,121,2021-11-23,590,Pending
848,1393,165,2021-08-28,476,Processing
272,1394,86,2021-10-12,1575,Delivered
776,1395,282,2022-08-08,2433,Pending
475,1396,121,2022-01-20,2228,Processing
469,1397,201,2021-03-05,1047,Shipped
762,1398,298,2022-08-22,363,Cancelled
294,1399,212,2022-08-13,1925,Pending
139,1400,111,2021-07-26,818,Shipped
184,1401,150,2022-02-21,404,Pending
103,1402,273,2022-04-24,1115,Pending
427,1403,131,2021-03-14,1040,Processing
156,1404,66,2021-10-09,1881,Pending
798,1405,62,2022-08-28,1528,Cancelled
325,1406,212,2021-10-26,1456,Delivered
743,1407,25,2021-03-19,1263,Delivered
892,1408,37,2022-09-02,2439,Shipped
520,1409,244,2022-12-21,780,Cancelled
161,1410,204,2021-05-16,2063,Cancelled
251,1411,42,2022-06-09,1551,Pending
215,1412,92,2021-09-13,221,Processing
253,1413,287,2022-09-29,839,Cancelled
465,1414,295,2022-06-08,2228,Cancelled
355,1415,169,2022-10-03,1985,Cancelled
481,1416,197,2021-03-21,2356,Cancelled
994,1417,185,2022-10-26,261,Pending
843,1418,37,2021-08-14,729,Cancelled
403,1419,215,2022-08-25,1169,Processing
772,1420,125,2022-11-12,1097,Cancelled
74,1421,176,2022-02-19,994,Processing
128,1422,41,2022-11-17,529,Cancelled
596,1423,192,2022-02-01,1794,Processing
577,1424,125,2021-09-19,2307,Cancelled
550,1425,259,2021-03-03,778,Processing
916,1426,132,2022-04-07,1873,Pending
444,1427,187,2022-07-30,2315,Cancelled
648,1428,275,2022-01-12,1377,Delivered
710,1429,25,2021-05-31,301,Processing
147,1430,9,2021-01-16,253,Shipped
1000,1431,108,2021-05-17,947,Shipped
666,1432,298,2021-09-06,1903,Processing
19,1433,272,2022-11-22,1967,Pending
333,1434,263,2021-04-07,1110,Shipped
361,1435,7,2022-08-30,314,Cancelled
279,1436,44,2021-12-15,2202,Cancelled
537,1437,148,2021-07-24,1946,Processing
660,1438,162,2022-02-01,1668,Cancelled
238,1439,148,2022-12-03,963,Processing
296,1440,260,2022-10-09,1270,Processing
498,1441,187,2021-11-21,2234,Cancelled
203,1442,174,2021-12-07,603,Delivered
994,1443,276,2022-12-27,2173,Delivered
690,1444,54,2022-12-14,1670,Processing
111,1445,94,2022-02-28,2371,Processing
572,1446,173,2022-02-14,527,Cancelled
917,1447,173,2022-12-01,935,Shipped
950,1448,189,2021-11-07,1734,Shipped
674,1449,156,2021-12-10,756,Delivered
205,1450,63,2022-05-09,2175,Pending
704,1451,245,2021-10-06,1971,Cancelled
440,1452,5,2021-11-21,1394,Shipped
570,1453,267,2021-05-28,243,Shipped
917,1454,225,2022-05-08,2076,Cancelled
837,1455,120,2022-12-01,481,Pending
5,1456,171,2021-06-21,396,Pending
957,1457,91,2021-09-17,2061,Delivered
954,1458,19,2022-08-06,1225,Shipped
406,1459,72,2021-02-14,704,Delivered
906,1460,49,2022-09-18,1434,Cancelled
149,1461,100,2022-12-20,600,Delivered
230,1462,271,2022-11-11,468,Shipped
218,1463,283,2022-02-28,2346,Processing
228,1464,29,2022-11-08,1979,Delivered
987,1465,240,2021-03-16,638,Shipped
982,1466,159,2021-12-07,2083,Delivered
248,1467,206,2022-09-11,770,Shipped
686,1468,201,2022-06-28,627,Shipped
438,1469,16,2022-05-14,1093,Pending
669,1470,228,2021-07-14,1235,Cancelled
41,1471,239,2021-09-03,1882,Pending
327,1472,242,2022-04-22,310,Cancelled
215,1473,203,2021-10-16,751,Cancelled
965,1474,49,2021-05-13,1151,Delivered
943,1475,32,2021-10-12,2333,Cancelled
833,1476,181,2022-09-01,224,Shipped
835,1477,115,2021-11-15,715,Shipped
10,1478,23,2021-04-07,668,Pending
946,1479,18,2021-07-16,578,Cancelled
586,1480,171,2022-08-23,1936,Pending
515,1481,152,2021-11-22,721,Shipped
460,1482,144,2022-01-29,1805,Processing
72,1483,232,2021-11-05,1391,Processing
235,1484,11,2022-05-30,1062,Shipped
256,1485,59,2022-07-20,1004,Delivered
40,1486,128,2022-01-29,1489,Cancelled
214,1487,166,2022-12-23,383,Cancelled
623,1488,263,2021-05-23,277,Processing
307,1489,5,2022-06-27,595,Shipped
782,1490,232,2022-12-11,2493,Shipped
407,1491,22,2022-12-19,2202,Cancelled
829,1492,66,2021-12-08,2272,Delivered
877,1493,11,2021-08-30,1528,Processing
541,1494,123,2022-09-29,2134,Delivered
868,1495,134,2021-01-09,1251,Pending
176,1496,159,2022-07-10,2246,Shipped
41,1497,237,2022-10-07,1348,Shipped
286,1498,61,2021-04-21,2161,Processing
771,1499,261,2021-12-11,2319,Pending
176,1500,253,2021-06-03,428,Cancelled
293,1501,18,2021-02-25,1155,Shipped
25,1502,93,2021-11-08,404,Shipped
931,1503,221,2021-11-12,2252,Shipped
561,1504,115,2022-02-16,2277,Processing
841,1505,267,2022-12-03,1701,Processing
881,1506,172,2022-05-03,1018,Delivered
770,1507,209,2021-12-06,2147,Shipped
593,1508,51,2022-07-28,735,Pending
637,1509,86,2021-01-11,534,Delivered
201,1510,89,2021-03-17,2132,Cancelled
231,1511,159,2021-08-10,438,Processing
872,1512,39,2022-05-20,1904,Delivered
306,1513,43,2022-12-14,717,Delivered
878,1514,204,2021-03-15,384,Delivered
979,1515,199,2022-09-15,413,Shipped
309,1516,7,2022-02-27,852,Cancelled
138,1517,257,2021-05-02,1102,Processing
736,1518,30,2021-05-27,1455,Delivered
24,1519,162,2022-08-03,723,Processing
182,1520,298,2021-04-14,1484,Pending
353,1521,196,2021-05-05,1882,Cancelled
987,1522,208,2022-02-21,2086,Processing
423,1523,110,2022-09-04,1113,Delivered
404,1524,206,2022-08-11,1193,Pending
196,1525,9,2022-07-09,2206,Shipped
949,1526,105,2022-05-03,2397,Processing
685,1527,291,2021-06-24,543,Cancelled
235,1528,190,2021-03-05,433,Shipped
805,1529,63,2021-10-11,733,Processing
882,1530,72,2022-09-20,2164,Cancelled
841,1531,186,2022-08-21,740,Shipped
810,1532,237,2021-12-15,1854,Processing
347,1533,246,2022-10-22,1457,Shipped
280,1534,127,2022-01-17,899,Cancelled
726,1535,69,2022-09-05,636,Pending
711,1536,161,2022-02-06,717,Delivered
583,1537,46,2022-02-07,1528,Processing
849,1538,300,2022-05-14,1163,Pending
571,1539,2,2022-05-18,1912,Processing
404,1540,74,2021-10-19,2063,Pending
25,1541,121,2022-04-14,2392,Processing
93,1542,250,2021-03-25,1839,Pending
925,1543,3,2022-06-14,2330,Shipped
102,1544,271,2022-01-16,1932,Cancelled
688,1545,213,2021-12-24,2438,Delivered
515,1546,193,2021-10-22,883,Processing
509,1547,90,2021-03-09,342,Pending
726,1548,32,2022-11-05,2088,Delivered
18,1549,119,2021-07-17,235,Pending
871,1550,24,2021-01-07,699,Cancelled
606,1551,274,2022-01-16,1829,Processing
369,1552,192,2022-02-26,858,Shipped
647,1553,196,2021-06-28,1558,Shipped
510,1554,109,2022-05-19,1304,Delivered
488,1555,224,2021-05-12,1790,Delivered
925,1556,282,2021-03-10,499,Cancelled
98,1557,142,2021-02-08,1930,Processing
203,1558,117,2022-08-19,2150,Pending
955,1559,93,2021-02-03,2378,Delivered
478,1560,295,2022-06-07,2495,Processing
133,1561,14,2022-01-23,2144,Delivered
321,1562,241,2022-01-19,2462,Pending
200,1563,89,2022-01-01,391,Pending
46,1564,159,2022-07-22,1078,Pending
676,1565,183,2021-06-06,2063,Shipped
545,1566,38,2022-12-20,899,Shipped
593,1567,3,2021-12-12,1860,Cancelled
917,1568,22,2022-10-06,314,Cancelled
723,1569,243,2022-11-17,382,Cancelled
16,1570,195,2022-04-19,1709,Processing
219,1571,176,2021-11-06,632,Pending
532,1572,294,2021-02-25,812,Processing
162,1573,120,2022-08-14,1516,Pending
327,1574,134,2022-08-17,210,Pending
204,1575,236,2022-04-08,1729,Pending
693,1576,144,2022-08-26,2105,Pending
455,1577,284,2022-03-16,2466,Processing
147,1578,169,2021-07-11,1205,Pending
741,1579,44,2022-02-18,331,Pending
843,1580,24,2021-01-02,1807,Shipped
88,1581,258,2021-08-17,1378,Processing
480,1582,238,2021-02-28,493,Pending
232,1583,122,2022-01-10,2230,Delivered
998,1584,41,2022-12-05,430,Pending
115,1585,74,2021-07-04,1693,Delivered
781,1586,259,2022-03-15,467,Processing
285,1587,101,2022-10-28,2213,Delivered
12,1588,121,2021-06-21,2091,Processing
644,1589,64,2021-11-15,1619,Processing
961,1590,125,2022-09-13,397,Cancelled
973,1591,58,2021-05-25,1193,Pending
105,1592,144,2022-11-15,697,Cancelled
588,1593,299,2022-02-22,997,Cancelled
920,1594,258,2021-01-10,2420,Processing
778,1595,106,2022-11-07,234,Shipped
197,1596,9,2022-08-18,2267,Cancelled
139,1597,185,2021-05-11,2413,Pending
35,1598,58,2021-07-19,1668,Shipped
322,1599,290,2022-06-20,262,Processing
688,1600,9,2021-05-26,1085,Shipped
138,1601,8,2022-05-24,296,Processing
141,1602,183,2021-12-16,1687,Pending
504,1603,267,2022-05-30,725,Delivered
521,1604,185,2021-12-17,1962,Shipped
802,1605,178,2022-06-28,657,Delivered
696,1606,83,2021-08-05,1024,Delivered
968,1607,254,2022-11-14,2483,Cancelled
887,1608,175,2021-10-09,1706,Shipped
903,1609,237,2022-05-18,1207,Shipped
237,1610,44,2022-05-06,762,Processing
921,1611,64,2021-03-09,847,Cancelled
671,1612,9,2021-08-05,302,Cancelled
125,1613,110,2021-03-28,1034,Shipped
536,1614,99,2021-06-13,2046,Delivered
916,1615,165,2021-01-22,2156,Shipped
56,1616,264,2021-03-08,485,Delivered
577,1617,20,2022-01-03,880,Cancelled
462,1618,39,2022-07-04,443,Cancelled
112,1619,131,2021-07-14,1278,Processing
386,1620,154,2021-08-03,1042,Processing
508,1621,197,2021-05-10,878,Processing
922,1622,82,2022-03-24,485,Cancelled
572,1623,86,2021-09-18,545,Cancelled
151,1624,224,2021-11-06,1833,Cancelled
531,1625,225,2021-05-21,1464,Pending
218,1626,29,2021-09-01,1641,Processing
37,1627,29,2021-04-05,874,Pending
810,1628,161,2021-02-20,2435,Shipped
340,1629,15,2022-11-18,748,Processing
381,1630,263,2022-11-21,1128,Processing
462,1631,154,2021-04-27,997,Pending
885,1632,112,2022-12-14,1058,Pending
396,1633,6,2022-07-20,2241,Delivered
819,1634,201,2021-02-15,712,Delivered
609,1635,187,2021-06-24,1244,Delivered
490,1636,235,2021-03-16,1370,Delivered
377,1637,264,2021-09-28,206,Processing
541,1638,118,2021-06-26,2105,Shipped
601,1639,265,2021-09-05,1857,Pending
314,1640,271,2021-11-06,1065,Shipped
627,1641,227,2022-08-13,2157,Processing
615,1642,181,2022-08-21,1358,Shipped
581,1643,35,2021-10-09,1651,Cancelled
93,1644,6,2022-11-21,2263,Pending
118,1645,127,2021-05-02,407,Pending
914,1646,154,2021-11-22,277,Delivered
853,1647,123,2022-01-21,1790,Shipped
448,1648,91,2021-02-24,2185,Delivered
181,1649,61,2021-12-14,2090,Cancelled
98,1650,39,2022-01-10,1829,Pending
349,1651,268,2021-09-17,1253,Shipped
804,1652,108,2022-02-17,371,Delivered
131,1653,235,2021-10-02,1164,Pending
207,1654,180,2021-02-13,794,Delivered
291,1655,109,2022-01-22,2236,Shipped
600,1656,67,2021-08-24,2289,Shipped
302,1657,263,2022-10-10,950,Cancelled
785,1658,90,2022-05-11,1789,Shipped
595,1659,19,2021-11-08,757,Pending
486,1660,1,2022-02-19,255,Pending
439,1661,235,2021-08-02,1372,Delivered
979,1662,145,2021-09-23,1047,Shipped
7,1663,8,2021-07-30,585,Delivered
870,1664,221,2021-11-14,1855,Shipped
966,1665,63,2021-07-24,2318,Delivered
471,1666,140,2022-12-24,2249,Delivered
351,1667,284,2021-11-02,2233,Shipped
860,1668,147,2022-09-13,359,Pending
540,1669,151,2022-01-07,1985,Cancelled
335,1670,142,2021-08-21,2056,Pending
711,1671,212,2021-08-29,2170,Processing
580,1672,291,2021-08-24,1163,Delivered
14,1673,207,2022-01-05,2022,Delivered
318,1674,250,2021-04-15,657,Shipped
940,1675,297,2022-03-04,760,Delivered
513,1676,296,2021-10-23,1661,Delivered
918,1677,56,2022-06-02,1681,Cancelled
528,1678,100,2021-05-29,2200,Delivered
28,1679,273,2021-10-06,2161,Processing
700,1680,173,2022-11-09,2210,Cancelled
188,1681,52,2022-10-16,645,Cancelled
589,1682,260,2022-12-12,693,Pending
178,1683,197,2021-07-13,1930,Pending
594,1684,163,2021-01-23,1197,Processing
70,1685,215,2022-09-15,1446,Pending
546,1686,117,2021-02-05,1550,Cancelled
493,1687,186,2022-07-19,1550,Delivered
746,1688,49,2021-05-29,2416,Processing
677,1689,163,2021-02-06,1900,Processing
350,1690,228,2021-10-16,1599,Shipped
741,1691,60,2022-10-31,2469,Cancelled
543,1692,100,2022-11-20,2271,Cancelled
908,1693,277,2022-05-11,337,Processing
97,1694,82,2022-11-27,1784,Delivered
527,1695,279,2021-08-05,2277,Delivered
832,1696,205,2022-11-17,2291,Cancelled
918,1697,11,2022-02-06,1315,Delivered
242,1698,87,2022-12-18,1865,Processing
568,1699,161,2022-10-16,541,Processing
963,1700,42,2022-12-27,299,Processing
129,1701,275,2021-11-08,408,Cancelled
130,1702,225,2021-11-12,1771,Delivered
527,1703,42,2022-12-01,2090,Delivered
198,1704,217,2022-02-10,2332,Processing
660,1705,234,2022-03-27,1828,Cancelled
965,1706,32,2022-10-22,227,Delivered
256,1707,56,2022-02-26,673,Delivered
45,1708,134,2022-01-09,609,Shipped
615,1709,268,2021-05-30,2011,Processing
897,1710,100,2022-02-17,2277,Cancelled
353,1711,160,2022-01-18,1910,Cancelled
681,1712,132,2022-05-30,830,Delivered
887,1713,103,2021-04-17,509,Processing
162,1714,111,2022-07-25,276,Cancelled
784,1715,197,2021-08-20,1214,Processing
748,1716,285,2022-05-06,1928,Processing
598,1717,191,2021-08-22,419,Pending
129,1718,156,2021-10-05,2361,Pending
959,1719,289,2022-05-21,354,Cancelled
822,1720,109,2021-08-16,921,Pending
429,1721,63,2022-11-22,216,Delivered
536,1722,190,2022-12-20,1941,Shipped
560,1723,51,2022-08-29,1562,Cancelled
933,1724,70,2021-10-27,2194,Cancelled
92,1725,14,2021-06-15,420,Shipped
925,1726,195,2021-12-29,1087,Cancelled
120,1727,56,2021-12-03,1700,Processing
613,1728,169,2021-06-09,586,Shipped
519,1729,47,2021-06-20,282,Delivered
683,1730,142,2021-07-04,612,Shipped
42,1731,7,2021-07-03,2479,Pending
449,1732,274,2022-06-02,1767,Delivered
902,1733,25,2021-01-16,996,Delivered
488,1734,266,2022-01-25,717,Processing
893,1735,199,2022-08-21,410,Pending
440,1736,56,2022-05-16,327,Processing
843,1737,83,2022-10-18,404,Processing
165,1738,269,2022-11-09,242,Cancelled
803,1739,188,2021-04-06,606,Shipped
379,1740,22,2021-11-22,1684,Processing
725,1741,235,2022-03-24,2420,Shipped
161,1742,210,2021-07-17,978,Delivered
321,1743,86,2021-04-29,2268,Pending
334,1744,179,2021-07-29,795,Delivered
999,1745,31,2022-05-14,262,Delivered
484,1746,138,2021-11-09,1262,Delivered
791,1747,149,2021-09-16,1450,Delivered
523,1748,102,2021-07-18,582,Processing
42,1749,23,2022-01-09,1561,Shipped
391,1750,34,2022-02-25,1752,Pending
744,1751,152,2022-04-17,366,Cancelled
630,1752,282,2021-07-31,922,Cancelled
717,1753,136,2021-11-25,1008,Processing
325,1754,10,2021-12-22,1104,Pending
848,1755,5,2022-10-23,1445,Pending
766,1756,137,2022-08-10,1757,Processing
909,1757,96,2021-08-13,1405,Pending
957,1758,105,2022-12-29,630,Pending
417,1759,124,2022-07-20,997,Shipped
947,1760,284,2021-05-05,2109,Processing
602,1761,40,2022-10-27,2324,Pending
885,1762,195,2021-03-03,2072,Cancelled
583,1763,153,2021-02-01,879,Cancelled
175,1764,54,2021-05-12,403,Cancelled
485,1765,127,2022-07-12,404,Delivered
447,1766,128,2022-03-26,2289,Shipped
122,1767,261,2022-05-28,1234,Delivered
765,1768,198,2022-06-25,1705,Processing
858,1769,274,2021-03-31,1625,Cancelled
825,1770,148,2021-07-24,1785,Pending
530,1771,232,2021-05-02,1697,Processing
15,1772,217,2021-12-19,2103,Pending
730,1773,79,2021-08-06,271,Cancelled
969,1774,259,2021-08-23,657,Processing
952,1775,28,2021-08-18,698,Pending
986,1776,211,2022-08-12,241,Delivered
715,1777,57,2021-12-21,1250,Shipped
626,1778,201,2022-06-28,2456,Shipped
155,1779,177,2022-11-13,1288,Processing
66,1780,130,2021-09-11,893,Pending
400,1781,162,2021-07-18,1820,Processing
856,1782,96,2021-11-07,2264,Delivered
504,1783,294,2021-12-20,715,Pending
328,1784,111,2022-05-21,1420,Delivered
306,1785,114,2022-08-23,560,Processing
84,1786,36,2022-07-16,2259,Cancelled
40,1787,72,2022-12-05,728,Pending
112,1788,245,2022-05-25,2072,Pending
794,1789,35,2022-09-05,1841,Cancelled
911,1790,291,2022-05-31,1964,Processing
780,1791,34,2022-03-15,531,Shipped
157,1792,132,2021-05-21,1894,Shipped
13,1793,56,2022-05-21,441,Pending
657,1794,300,2021-11-11,1336,Pending
578,1795,197,2022-03-25,1176,Processing
556,1796,154,2022-02-27,852,Shipped
389,1797,126,2021-09-01,2281,Shipped
701,1798,252,2021-10-01,1984,Pending
236,1799,197,2021-04-24,973,Shipped
106,1800,138,2022-09-08,773,Shipped
636,1801,96,2021-03-01,2033,Cancelled
928,1802,107,2022-09-18,294,Processing
66,1803,253,2021-12-04,366,Delivered
837,1804,51,2022-03-11,2026,Processing
955,1805,190,2022-06-02,426,Processing
419,1806,142,2022-04-28,1597,Shipped
859,1807,180,2021-01-25,1088,Shipped
156,1808,260,2021-02-20,357,Processing
258,1809,241,2021-07-01,1689,Processing
388,1810,122,2021-07-23,2492,Delivered
160,1811,148,2021-03-31,2101,Pending
186,1812,45,2021-02-19,1526,Pending
497,1813,5,2022-06-19,2246,Processing
511,1814,123,2021-01-31,1223,Processing
600,1815,230,2022-03-10,962,Cancelled
643,1816,225,2022-10-09,426,Pending
500,1817,114,2022-07-21,2454,Pending
149,1818,14,2022-09-14,2156,Pending
616,1819,228,2022-05-21,1674,Shipped
173,1820,255,2021-07-23,684,Shipped
217,1821,197,2022-10-28,1958,Shipped
166,1822,262,2021-04-20,2482,Processing
836,1823,31,2022-06-01,821,Cancelled
284,1824,54,2021-11-06,1447,Processing
100,1825,218,2021-02-08,1220,Pending
639,1826,271,2021-12-23,1707,Shipped
254,1827,95,2022-01-23,1242,Processing
712,1828,59,2022-12-19,2457,Delivered
814,1829,70,2022-12-28,1729,Pending
188,1830,100,2022-03-13,2366,Processing
761,1831,200,2021-09-28,1019,Shipped
497,1832,117,2021-10-26,1512,Pending
633,1833,40,2021-12-09,1561,Processing
77,1834,134,2021-08-22,1535,Pending
246,1835,164,2021-11-30,2213,Delivered
704,1836,94,2021-06-02,1264,Pending
704,1837,69,2022-06-03,1997,Cancelled
868,1838,94,2022-02-12,220,Pending
915,1839,15,2021-12-20,850,Cancelled
655,1840,157,2022-08-15,2243,Shipped
23,1841,105,2021-11-30,1015,Shipped
763,1842,108,2022-08-21,1417,Cancelled
77,1843,274,2021-12-22,2041,Pending
313,1844,106,2022-08-10,1140,Delivered
392,1845,121,2022-09-17,1240,Delivered
217,1846,143,2022-12-14,398,Shipped
420,1847,260,2022-01-18,538,Shipped
180,1848,129,2021-07-25,306,Delivered
351,1849,244,2022-08-07,767,Pending
310,1850,266,2021-01-29,2344,Pending
156,1851,85,2021-11-10,977,Shipped
691,1852,268,2021-05-04,1685,Shipped
76,1853,121,2021-03-31,1989,Shipped
722,1854,123,2021-09-01,1017,Cancelled
746,1855,208,2022-11-24,1979,Shipped
327,1856,281,2021-03-01,213,Pending
555,1857,145,2021-05-10,1625,Cancelled
949,1858,207,2022-11-04,1629,Pending
78,1859,70,2021-06-02,958,Pending
598,1860,88,2022-05-05,2350,Shipped
918,1861,46,2022-11-17,2211,Delivered
755,1862,138,2021-09-12,337,Delivered
98,1863,287,2022-07-30,376,Processing
665,1864,35,2021-03-04,832,Pending
808,1865,179,2021-03-24,913,Cancelled
802,1866,256,2021-06-27,1073,Cancelled
167,1867,255,2022-05-01,624,Processing
161,1868,290,2022-02-13,1940,Cancelled
971,1869,214,2022-06-11,377,Delivered
594,1870,100,2021-08-12,1740,Cancelled
607,1871,124,2022-06-13,272,Delivered
420,1872,189,2021-05-04,670,Cancelled
779,1873,117,2022-11-01,626,Delivered
210,1874,185,2021-07-04,1591,Processing
455,1875,106,2021-03-26,2152,Cancelled
140,1876,141,2022-04-29,664,Delivered
978,1877,125,2022-01-24,331,Delivered
411,1878,277,2022-07-22,1054,Processing
145,1879,223,2021-09-08,1902,Pending
68,1880,204,2021-12-14,1875,Shipped
842,1881,4,2022-10-05,1315,Delivered
623,1882,218,2021-05-26,567,Delivered
463,1883,201,2022-02-04,1338,Cancelled
709,1884,89,2022-06-02,1988,Delivered
329,1885,169,2022-10-24,1525,Cancelled
951,1886,192,2021-09-04,1587,Delivered
403,1887,245,2021-08-07,294,Pending
134,1888,18,2022-02-28,1376,Shipped
504,1889,184,2021-08-21,741,Delivered
561,1890,21,2021-01-24,268,Delivered
637,1891,16,2022-01-02,771,Shipped
597,1892,25,2022-02-25,1407,Shipped
329,1893,31,2021-03-08,1733,Processing
685,1894,49,2022-08-21,1194,Delivered
469,1895,27,2022-11-20,1160,Shipped
614,1896,211,2022-02-15,539,Pending
811,1897,65,2022-06-08,326,Delivered
609,1898,66,2021-04-30,459,Cancelled
131,1899,31,2022-05-09,1883,Cancelled
961,1900,78,2022-11-21,1078,Pending
608,1901,273,2021-11-13,236,Pending
665,1902,13,2022-11-28,1579,Cancelled
926,1903,173,2022-04-10,700,Pending
334,1904,186,2021-05-20,551,Pending
750,1905,142,2022-09-02,211,Pending
104,1906,262,2021-02-08,2064,Shipped
351,1907,280,2022-04-09,288,Cancelled
932,1908,95,2021-01-08,1553,Shipped
794,1909,38,2021-12-07,1733,Cancelled
337,1910,95,2022-11-18,1670,Pending
618,1911,285,2022-08-15,1485,Processing
278,1912,65,2021-06-25,2242,Pending
731,1913,141,2022-06-24,485,Shipped
399,1914,66,2021-07-06,829,Processing
272,1915,20,2021-06-13,2429,Shipped
149,1916,81,2022-07-28,2448,Shipped
120,1917,225,2021-11-13,1828,Shipped
522,1918,203,2021-02-03,1783,Shipped
210,1919,4,2021-11-11,1500,Delivered
296,1920,115,2022-10-17,455,Cancelled
167,1921,114,2021-05-26,2047,Cancelled
282,1922,203,2021-11-02,209,Processing
340,1923,245,2021-04-01,1305,Delivered
364,1924,31,2021-01-18,620,Processing
850,1925,191,2022-08-26,928,Delivered
397,1926,173,2021-05-20,1129,Cancelled
121,1927,216,2021-07-28,2317,Shipped
717,1928,257,2021-02-17,593,Processing
110,1929,144,2022-06-25,466,Shipped
582,1930,181,2022-08-01,2419,Pending
481,1931,224,2021-07-19,1947,Cancelled
455,1932,208,2021-06-02,1869,Delivered
649,1933,249,2022-02-14,2305,Shipped
749,1934,263,2021-05-31,1716,Cancelled
95,1935,29,2021-11-05,1484,Processing
902,1936,92,2021-03-08,530,Pending
368,1937,263,2021-09-30,1219,Cancelled
175,1938,115,2021-09-26,2454,Delivered
312,1939,177,2021-08-22,793,Shipped
92,1940,231,2022-08-11,1747,Delivered
998,1941,2,2022-06-21,1294,Pending
269,1942,26,2022-10-04,1534,Shipped
47,1943,135,2022-06-30,1423,Shipped
642,1944,261,2021-04-21,1047,Shipped
717,1945,205,2022-07-16,1725,Pending
1000,1946,107,2022-10-24,321,Shipped
759,1947,270,2022-06-14,581,Delivered
205,1948,284,2022-01-06,993,Processing
102,1949,86,2021-09-24,2017,Cancelled
665,1950,9,2021-10-13,942,Pending
417,1951,44,2022-11-10,286,Processing
890,1952,40,2022-09-23,716,Delivered
498,1953,275,2021-07-02,2250,Pending
231,1954,41,2022-07-13,1765,Cancelled
1,1955,202,2022-07-10,351,Shipped
309,1956,277,2022-11-24,1597,Cancelled
438,1957,33,2022-07-16,1525,Pending
595,1958,25,2021-11-06,2239,Delivered
271,1959,214,2022-09-08,1755,Pending
690,1960,173,2021-05-22,1187,Cancelled
168,1961,279,2022-04-26,1407,Shipped
481,1962,122,2021-12-23,912,Cancelled
310,1963,254,2022-09-10,2326,Delivered
69,1964,278,2022-02-12,1393,Cancelled
251,1965,2,2021-06-07,362,Cancelled
694,1966,54,2022-11-07,1701,Processing
815,1967,4,2022-05-07,2355,Delivered
833,1968,164,2022-06-06,1917,Processing
913,1969,293,2021-04-19,1749,Processing
210,1970,33,2021-05-26,1045,Processing
310,1971,270,2022-01-21,2125,Delivered
589,1972,257,2022-01-29,895,Processing
477,1973,221,2022-08-22,1980,Processing
553,1974,272,2022-08-05,1683,Shipped
546,1975,162,2021-03-20,1443,Shipped
136,1976,63,2021-01-07,2014,Delivered
485,1977,256,2021-02-27,755,Cancelled
71,1978,148,2021-01-26,1193,Delivered
343,1979,270,2021-02-01,1603,Cancelled
500,1980,16,2022-02-19,510,Cancelled
544,1981,257,2021-02-28,513,Cancelled
878,1982,49,2022-12-09,1650,Delivered
193,1983,9,2021-04-27,2235,Cancelled
431,1984,234,2022-07-25,395,Delivered
583,1985,30,2022-12-19,545,Cancelled
263,1986,108,2021-03-05,2260,Cancelled
545,1987,279,2021-11-30,1491,Shipped
445,1988,51,2021-10-16,2058,Cancelled
991,1989,299,2021-09-02,316,Shipped
807,1990,216,2022-07-09,1511,Processing
799,1991,85,2022-02-12,2497,Delivered
445,1992,1,2022-02-19,1215,Delivered
560,1993,130,2021-03-09,2399,Delivered
981,1994,65,2022-10-06,704,Cancelled
163,1995,140,2022-05-26,1748,Processing
717,1996,103,2021-04-26,384,Pending
64,1997,56,2021-09-23,2264,Shipped
103,1998,121,2021-10-20,370,Shipped
673,1999,24,2022-07-21,1097,Processing
133,2000,135,2021-07-03,1204,Shipped
